symbol,close,change_rate,change_rate_1w,change_rate_1m,market_cap,total_volume,total_value,trading_date,sector,market_cap_nghinh_ty,x_index
MWG,76000.0,2.43,-8.1,-18.1,111696681452000.0,7903300.0,600744.01,2026-03-24,Bán lẻ,111.7,0
FRT,158000.0,5.33,3.81,-7.06,26907682030000.0,377600.0,58547.71,2026-03-24,Bán lẻ,26.91,1
DGW,42300.0,4.19,-3.64,-16.24,9361843148700.0,1454000.0,60759.26,2026-03-24,Bán lẻ,9.36,2
SAS,36000.0,-0.28,-4.76,-5.76,4804268760000.0,27400.0,1004.6,2026-03-24,Bán lẻ,4.8,3
PET,42350.0,6.94,5.88,22.58,4545630092850.0,912300.0,37678.395,2026-03-24,Bán lẻ,4.55,4
AST,71000.0,1.57,-1.53,-4.05,3195000000000.0,19200.0,1362.39,2026-03-24,Bán lẻ,3.2,5
PSD,15900.0,6.0,-3.05,-5.36,824063514600.0,93100.0,1468.74,2026-03-24,Bán lẻ,0.82,6
AFX,10250.0,0.0,-1.44,-1.91,358750000000.0,90800.0,930.095,2026-03-24,Bán lẻ,0.36,7
SBV,7500.0,3.31,-4.82,-9.64,215494185000.0,45300.0,306.998,2026-03-24,Bán lẻ,0.22,8
BVH,80300.0,6.92,6.08,5.66,59608517949200.0,1675200.0,134016.88,2026-03-24,Bảo hiểm,59.61,9
PVI,77300.0,1.84,-0.13,-10.74,18106896319100.0,84100.0,6639.81,2026-03-24,Bảo hiểm,18.11,10
BIC,23950.0,3.23,4.36,-2.24,4839506015150.0,203500.0,4863.71,2026-03-24,Bảo hiểm,4.84,11
MIG,18700.0,6.86,8.09,1.36,3955114758100.0,1186600.0,22042.215,2026-03-24,Bảo hiểm,3.96,12
BMI,16500.0,3.12,-1.79,-10.81,2484035829000.0,206300.0,3408.76,2026-03-24,Bảo hiểm,2.48,13
ABI,19500.0,1.56,-2.01,-7.14,1976278824000.0,46100.0,898.61,2026-03-24,Bảo hiểm,1.98,14
VIC,124000.0,-1.27,-15.18,-22.5,955547846976000.0,3901200.0,494576.96,2026-03-24,Bất động sản,955.55,15
VHM,99000.0,1.02,-2.94,-9.17,406633788396000.0,2699500.0,266114.9,2026-03-24,Bất động sản,406.63,16
KSF,82000.0,5.13,2.5,3.14,73782559256000.0,33000.0,2648.93,2026-03-24,Bất động sản,73.78,17
VRE,25300.0,-0.2,-4.35,-15.1,58919105773000.0,2727600.0,69180.64,2026-03-24,Bất động sản,58.92,18
BCM,51500.0,1.98,-4.81,-18.64,53302500000000.0,385900.0,19812.79,2026-03-24,Bất động sản,53.3,19
NVL,13250.0,5.58,-1.12,4.74,29574245774250.0,17746000.0,235088.36,2026-03-24,Bất động sản,29.57,20
KDH,25000.0,4.17,-4.58,-11.66,28055372475000.0,5635600.0,139495.355,2026-03-24,Bất động sản,28.06,21
KBC,27650.0,2.22,-11.24,-19.03,26039519086350.0,6826100.0,184961.075,2026-03-24,Bất động sản,26.04,22
VPI,57900.0,3.39,-0.52,-3.5,18530870508300.0,2060100.0,116800.72,2026-03-24,Bất động sản,18.53,23
IDC,44700.0,5.42,2.29,-4.89,16963597388100.0,1643200.0,71677.59,2026-03-24,Bất động sản,16.96,24
TAL,43650.0,3.44,1.51,-8.11,15714000000000.0,308800.0,13362.25,2026-03-24,Bất động sản,15.71,25
DXG,13700.0,4.98,-0.36,-13.02,15263603947500.0,26909700.0,367303.895,2026-03-24,Bất động sản,15.26,26
PDR,15150.0,4.48,-0.66,-12.93,15116812091850.0,10501500.0,156953.32,2026-03-24,Bất động sản,15.12,27
TCH,15950.0,6.69,10.0,-4.2,14548142122800.0,27190500.0,431563.53,2026-03-24,Bất động sản,14.55,28
SJS,48200.0,-0.41,-1.63,-2.63,14338286709600.0,17400.0,838.005,2026-03-24,Bất động sản,14.34,29
NLG,28200.0,6.82,1.44,-2.76,13679746200600.0,4817700.0,134800.775,2026-03-24,Bất động sản,13.68,30
SIP,55600.0,1.28,-3.47,-6.24,13461479630800.0,154000.0,8627.48,2026-03-24,Bất động sản,13.46,31
THD,31600.0,0.0,0.96,3.95,12165999115200.0,14100.0,444.13,2026-03-24,Bất động sản,12.17,32
HDG,29850.0,5.85,4.92,11.59,11043396594750.0,5833600.0,172230.28,2026-03-24,Bất động sản,11.04,33
DIG,13500.0,5.47,0.37,-14.83,10751821078500.0,8186500.0,110184.085,2026-03-24,Bất động sản,10.75,34
CEO,15700.0,9.79,2.61,-16.93,8908432377500.0,12964900.0,200213.86000000002,2026-03-24,Bất động sản,8.91,35
KOS,38800.0,0.26,1.44,1.7,8399475798000.0,370000.0,14349.425,2026-03-24,Bất động sản,8.4,36
IJC,10100.0,0.5,-0.49,-5.16,6358764464000.0,2078000.0,21037.05,2026-03-24,Bất động sản,6.36,37
SZC,27750.0,2.59,-6.25,-18.02,4994607698250.0,379400.0,10508.885,2026-03-24,Bất động sản,4.99,38
QCG,13200.0,4.76,0.0,-12.29,3631706892000.0,232700.0,2981.04,2026-03-24,Bất động sản,3.63,39
DXS,6200.0,6.16,-1.59,-15.53,3590439368800.0,1229900.0,7573.861,2026-03-24,Bất động sản,3.59,40
HDC,17200.0,5.52,-3.64,-19.25,3435778621200.0,3225900.0,55416.99,2026-03-24,Bất động sản,3.44,41
CRE,7150.0,4.69,-0.97,-8.33,3315301518100.0,125100.0,885.756,2026-03-24,Bất động sản,3.32,42
PRT,10900.0,5.83,7.92,4.81,3270000000000.0,46700.0,484.96,2026-03-24,Bất động sản,3.27,43
LSG,33600.0,4.35,-1.75,-6.67,3024000000000.0,12100.0,402.55,2026-03-24,Bất động sản,3.02,44
SCR,5790.0,4.89,-1.19,-15.97,2493145258440.0,1524700.0,8731.249,2026-03-24,Bất động sản,2.49,45
PXL,13900.0,1.46,-2.8,-14.2,2446368030000.0,34800.0,483.53,2026-03-24,Bất động sản,2.45,46
KHG,5280.0,3.53,-3.65,-19.76,2373017882400.0,7895100.0,41150.796,2026-03-24,Bất động sản,2.37,47
AGG,12950.0,3.6,-0.77,-10.38,2104738648950.0,993800.0,12669.295,2026-03-24,Bất động sản,2.1,48
NTL,16000.0,4.92,0.0,-5.33,1951678400000.0,877700.0,13898.935,2026-03-24,Bất động sản,1.95,49
NBB,18500.0,6.32,3.35,2.78,1858799636000.0,89400.0,1627.105,2026-03-24,Bất động sản,1.86,50
HQC,2570.0,3.63,-0.77,-7.55,1481862000000.0,2573200.0,6573.173,2026-03-24,Bất động sản,1.48,51
CKG,9010.0,2.39,-2.07,-1.42,1457885809260.0,17900.0,160.452,2026-03-24,Bất động sản,1.46,52
TIG,7400.0,7.25,4.23,-13.95,1432685917000.0,2454400.0,17801.87,2026-03-24,Bất động sản,1.43,53
HPX,4670.0,1.74,-3.31,-8.79,1420467273270.0,473100.0,2222.016,2026-03-24,Bất động sản,1.42,54
LHG,27950.0,3.14,-1.06,-4.28,1397835679500.0,65700.0,1831.63,2026-03-24,Bất động sản,1.4,55
TDC,10950.0,-0.45,-0.9,-5.19,1393146600000.0,67700.0,739.835,2026-03-24,Bất động sản,1.39,56
SZL,47000.0,0.0,-2.59,-2.89,1368397480000.0,19800.0,930.24,2026-03-24,Bất động sản,1.37,57
SZB,41300.0,0.0,1.72,4.82,1239000000000.0,16400.0,688.83,2026-03-24,Bất động sản,1.24,58
TIP,18700.0,1.08,-1.58,-2.35,1215646925900.0,23300.0,431.095,2026-03-24,Bất động sản,1.22,59
IDV,23300.0,-0.43,-0.85,-14.34,1104939426900.0,16000.0,369.17,2026-03-24,Bất động sản,1.1,60
ITC,10850.0,3.83,-3.12,-6.47,1045673187650.0,97000.0,1040.26,2026-03-24,Bất động sản,1.05,61
SGR,14850.0,3.48,-6.31,-10.27,1037643750000.0,147000.0,2154.365,2026-03-24,Bất động sản,1.04,62
DTD,15300.0,4.79,-3.16,-13.56,1020296641500.0,183100.0,2789.41,2026-03-24,Bất động sản,1.02,63
LDG,3230.0,1.57,-5.0,-16.1,830021449550.0,812500.0,2677.621,2026-03-24,Bất động sản,0.83,64
NDN,10200.0,3.03,-1.92,-8.93,730910947200.0,166200.0,1677.12,2026-03-24,Bất động sản,0.73,65
IDJ,4000.0,5.26,0.0,-4.76,693960772000.0,811900.0,3204.41,2026-03-24,Bất động sản,0.69,66
VRC,13200.0,0.0,2.33,-2.22,660000000000.0,319700.0,4171.145,2026-03-24,Bất động sản,0.66,67
HTN,6330.0,3.09,-1.09,-15.6,564106881630.0,104900.0,664.398,2026-03-24,Bất động sản,0.56,68
NRC,5900.0,1.72,-1.67,3.51,546326795800.0,976600.0,5832.29,2026-03-24,Bất động sản,0.55,69
API,5600.0,3.7,-1.75,-8.2,470870265600.0,96200.0,547.9,2026-03-24,Bất động sản,0.47,70
AAV,6500.0,1.56,0.0,14.04,448419796500.0,2005700.0,13948.68,2026-03-24,Bất động sản,0.45,71
TDH,3500.0,0.29,-4.63,-13.37,394284684500.0,35200.0,121.914,2026-03-24,Bất động sản,0.39,72
FIR,5150.0,0.0,-6.02,-23.36,363948543000.0,544400.0,2732.496,2026-03-24,Bất động sản,0.36,73
VPH,3800.0,4.97,2.7,-10.8,362359640000.0,84400.0,309.513,2026-03-24,Bất động sản,0.36,74
HAR,3190.0,2.24,0.31,-13.32,323306819000.0,310200.0,989.636,2026-03-24,Bất động sản,0.32,75
DRH,2530.0,5.86,-5.24,-5.24,314615280980.0,419000.0,1061.101,2026-03-24,Bất động sản,0.31,76
CCL,4880.0,2.09,-2.98,-18.67,290757319840.0,60200.0,294.182,2026-03-24,Bất động sản,0.29,77
PTL,2690.0,0.0,-12.94,-8.19,269000000000.0,19900.0,53.357,2026-03-24,Bất động sản,0.27,78
LGL,4970.0,-0.2,-7.96,-19.84,255955000000.0,46900.0,227.387,2026-03-24,Bất động sản,0.26,79
PIV,6400.0,3.23,0.0,-29.67,110879628800.0,195700.0,1237.23,2026-03-24,Bất động sản,0.11,80
PWA,7200.0,-14.29,-12.2,22.03,72000000000.0,87100.0,632.03,2026-03-24,Bất động sản,0.07,81
FPT,75400.0,3.15,-5.04,-21.7,128444436923400.0,5189700.0,389520.99,2026-03-24,Công nghệ Thông tin,128.44,82
CMG,28150.0,0.0,-6.32,-17.45,6557672215200.0,353100.0,9759.075,2026-03-24,Công nghệ Thông tin,6.56,83
SAM,6360.0,2.25,-5.36,-8.49,2416551775560.0,32900.0,209.713,2026-03-24,Công nghệ Thông tin,2.42,84
SGT,15200.0,1.0,-4.7,-7.32,2249653473600.0,22100.0,332.31,2026-03-24,Công nghệ Thông tin,2.25,85
ELC,17200.0,2.99,-6.52,-25.22,1893529131600.0,338200.0,5774.45,2026-03-24,Công nghệ Thông tin,1.89,86
ITD,16200.0,0.0,-1.82,-5.54,425168919000.0,18600.0,301.0,2026-03-24,Công nghệ Thông tin,0.43,87
VPL,79300.0,1.28,3.12,-7.36,142208719896100.0,499400.0,39210.16,2026-03-24,Du lịch và Giải trí,142.21,88
VJC,153000.0,0.79,-2.55,-9.57,90516534102000.0,1654700.0,246731.36,2026-03-24,Du lịch và Giải trí,90.52,89
HVN,20650.0,6.99,-7.19,-24.91,64252438057150.0,1232900.0,25006.6,2026-03-24,Du lịch và Giải trí,64.25,90
SCS,51700.0,0.78,-2.08,-5.14,4905656969400.0,161500.0,8389.13,2026-03-24,Du lịch và Giải trí,4.91,91
VTR,10700.0,1.9,0.94,-15.08,705275166900.0,10600.0,113.39,2026-03-24,Du lịch và Giải trí,0.71,92
SKG,9080.0,0.44,-4.22,-10.54,603799088760.0,71900.0,650.515,2026-03-24,Du lịch và Giải trí,0.6,93
DSN,37800.0,-0.4,-6.32,-8.92,456737740200.0,18400.0,699.22,2026-03-24,Du lịch và Giải trí,0.46,94
DAH,2980.0,0.0,-1.65,-13.12,250916000000.0,24200.0,72.396,2026-03-24,Du lịch và Giải trí,0.25,95
VTD,6200.0,1.64,-1.59,-3.12,148800000000.0,81400.0,496.49,2026-03-24,Du lịch và Giải trí,0.15,96
HHG,1000.0,-9.09,-9.09,0.0,34896354000.0,105000.0,115.43,2026-03-24,Du lịch và Giải trí,0.03,97
BSR,26400.0,1.15,-13.44,7.76,132192711710400.0,20130400.0,526980.51,2026-03-24,Dầu khí,132.19,98
PLX,39800.0,-2.93,-12.81,-23.46,51496347623800.0,8805600.0,350613.0,2026-03-24,Dầu khí,51.5,99
PVS,41000.0,1.23,2.5,-7.45,20968224059000.0,4745100.0,193830.78,2026-03-24,Dầu khí,20.97,100
PVD,33500.0,-2.33,-3.46,-1.9,18635916201000.0,5069600.0,169575.55,2026-03-24,Dầu khí,18.64,101
OIL,14800.0,-3.27,-9.2,-7.5,15306596600000.0,4798400.0,70260.65,2026-03-24,Dầu khí,15.31,102
TOS,163900.0,3.73,-4.15,-3.3,7375447715900.0,61600.0,10037.27,2026-03-24,Dầu khí,7.38,103
PVC,17500.0,0.57,4.17,30.6,1420903102500.0,1918100.0,33709.69,2026-03-24,Dầu khí,1.42,104
POS,15900.0,0.63,-4.22,-4.22,731399443500.0,20500.0,322.53,2026-03-24,Dầu khí,0.73,105
PVB,29000.0,0.0,-4.29,-12.91,626399942000.0,140700.0,4092.04,2026-03-24,Dầu khí,0.63,106
PTV,6600.0,4.76,-2.94,73.68,132000000000.0,35400.0,223.24,2026-03-24,Dầu khí,0.13,107
TCX,50600.0,-0.39,-6.64,-13.06,116952185862600.0,4019600.0,203867.23,2026-03-24,Dịch vụ tài chính,116.95,108
SSI,25900.0,1.97,-9.6,-17.52,64571010798000.0,28152600.0,735558.24,2026-03-24,Dịch vụ tài chính,64.57,109
VPX,29500.0,1.03,-9.09,-1.5,55312500000000.0,2156200.0,63483.685,2026-03-24,Dịch vụ tài chính,55.31,110
VCK,35650.0,1.42,-0.14,-23.0,54253086205000.0,9024300.0,318470.33,2026-03-24,Dịch vụ tài chính,54.25,111
VCI,34000.0,2.26,-8.72,-6.85,28903400000000.0,9586800.0,327216.815,2026-03-24,Dịch vụ tài chính,28.9,112
VIX,15650.0,1.95,-7.4,-30.6,23966877277700.0,21913000.0,346699.21,2026-03-24,Dịch vụ tài chính,23.97,113
VND,15050.0,5.24,-8.51,-19.09,22910613615400.0,15530100.0,230512.065,2026-03-24,Dịch vụ tài chính,22.91,114
HCM,19750.0,3.4,-9.61,-16.31,21345742507750.0,7020100.0,138944.725,2026-03-24,Dịch vụ tài chính,21.35,115
MBS,22900.0,3.62,-7.29,-14.55,15280916726000.0,2768000.0,63342.33,2026-03-24,Dịch vụ tài chính,15.28,116
SHS,15400.0,4.05,-7.23,-16.76,13851718188000.0,9890200.0,153303.33000000002,2026-03-24,Dịch vụ tài chính,13.85,117
EVF,13250.0,1.92,-5.02,9.5,10077496876500.0,6124600.0,81758.3,2026-03-24,Dịch vụ tài chính,10.08,118
FTS,24800.0,3.55,-9.98,-24.39,8593150623200.0,662500.0,16381.195,2026-03-24,Dịch vụ tài chính,8.59,119
ORS,12900.0,5.74,-1.9,-3.01,8048708661600.0,4738700.0,60895.065,2026-03-24,Dịch vụ tài chính,8.05,120
BSI,32700.0,2.67,-7.76,-13.95,8023466336100.0,157300.0,5119.175,2026-03-24,Dịch vụ tài chính,8.02,121
DSE,23400.0,2.18,-2.3,-2.9,8016840000000.0,245200.0,5736.28,2026-03-24,Dịch vụ tài chính,8.02,122
CTS,25100.0,2.66,-8.06,-18.51,5338605293800.0,646300.0,16306.825,2026-03-24,Dịch vụ tài chính,5.34,123
VDS,13750.0,1.1,-9.84,-23.4,3740000000000.0,964300.0,13371.11,2026-03-24,Dịch vụ tài chính,3.74,124
DSC,12450.0,3.32,-4.96,-15.31,3423748891950.0,22700.0,278.16,2026-03-24,Dịch vụ tài chính,3.42,125
AGR,13800.0,2.99,-7.07,-15.85,3150703157400.0,377600.0,5207.695,2026-03-24,Dịch vụ tài chính,3.15,126
TVS,13200.0,-0.75,-5.38,-12.29,2962606904400.0,105500.0,1382.545,2026-03-24,Dịch vụ tài chính,2.96,127
BMS,14300.0,3.62,0.7,11.72,2916236923600.0,253000.0,3607.6,2026-03-24,Dịch vụ tài chính,2.92,128
VFS,13900.0,2.21,0.0,-6.71,1945547443800.0,2356700.0,32155.09,2026-03-24,Dịch vụ tài chính,1.95,129
AAS,8300.0,3.75,-3.49,-18.63,1908996024300.0,1145400.0,9518.94,2026-03-24,Dịch vụ tài chính,1.91,130
BVS,24700.0,1.65,-8.52,-16.55,1783343581500.0,199500.0,4964.47,2026-03-24,Dịch vụ tài chính,1.78,131
APG,5700.0,3.07,-8.65,-45.19,1274645069400.0,560200.0,3209.708,2026-03-24,Dịch vụ tài chính,1.27,132
ABW,10300.0,3.0,-2.83,-6.36,1041845000000.0,45000.0,459.78,2026-03-24,Dịch vụ tài chính,1.04,133
TCI,8550.0,1.79,-2.62,-3.39,988559242200.0,40700.0,343.933,2026-03-24,Dịch vụ tài chính,0.99,134
OGC,2860.0,2.14,-4.98,-17.58,858000000000.0,222800.0,633.633,2026-03-24,Dịch vụ tài chính,0.86,135
EVS,5000.0,2.04,-5.66,-3.85,824003090000.0,154100.0,767.58,2026-03-24,Dịch vụ tài chính,0.82,136
SBS,5100.0,2.0,-3.77,-15.0,747698760000.0,375100.0,1901.4,2026-03-24,Dịch vụ tài chính,0.75,137
IVS,7000.0,1.45,-6.67,-13.58,734463352000.0,38500.0,266.82,2026-03-24,Dịch vụ tài chính,0.73,138
APS,6100.0,3.39,-6.15,-4.69,506300000000.0,229500.0,1401.68,2026-03-24,Dịch vụ tài chính,0.51,139
PSI,7700.0,2.67,-4.94,-2.53,460778010000.0,176700.0,1365.5,2026-03-24,Dịch vụ tài chính,0.46,140
WSS,6300.0,3.28,1.61,-3.08,316890000000.0,42600.0,258.02,2026-03-24,Dịch vụ tài chính,0.32,141
VIG,4600.0,2.22,-6.12,-16.36,207613180000.0,69200.0,315.86,2026-03-24,Dịch vụ tài chính,0.21,142
HVA,8900.0,-14.42,-39.46,-50.83,121485000000.0,60400.0,537.56,2026-03-24,Dịch vụ tài chính,0.12,143
ACV,44400.0,2.78,-8.83,-17.63,159055186621200.0,734900.0,32544.4,2026-03-24,Hàng & Dịch vụ Công nghiệp,159.06,144
MVN,49000.0,2.3,-1.21,-23.79,58828812000000.0,24800.0,1216.18,2026-03-24,Hàng & Dịch vụ Công nghiệp,58.83,145
GEE,155500.0,4.93,0.26,-11.9,56912993158000.0,733600.0,112089.68,2026-03-24,Hàng & Dịch vụ Công nghiệp,56.91,146
VEA,33200.0,1.22,-2.64,-6.48,44116160000000.0,348600.0,11539.59,2026-03-24,Hàng & Dịch vụ Công nghiệp,44.12,147
GMD,73900.0,2.64,-2.76,-1.47,31517988555100.0,614000.0,45381.57,2026-03-24,Hàng & Dịch vụ Công nghiệp,31.52,148
GEX,33600.0,4.51,-3.72,-10.64,30320604652800.0,5544700.0,184393.37,2026-03-24,Hàng & Dịch vụ Công nghiệp,30.32,149
PHP,32400.0,0.31,-2.7,-10.5,10593504000000.0,98400.0,3194.67,2026-03-24,Hàng & Dịch vụ Công nghiệp,10.59,150
VTP,84600.0,2.42,-5.69,-17.06,10302845353200.0,256600.0,21649.78,2026-03-24,Hàng & Dịch vụ Công nghiệp,10.3,151
PVT,21200.0,-0.24,-8.62,5.74,9962542182000.0,12550700.0,261678.775,2026-03-24,Hàng & Dịch vụ Công nghiệp,9.96,152
VSC,23500.0,0.0,-6.37,-5.24,8797703507000.0,6588400.0,151931.025,2026-03-24,Hàng & Dịch vụ Công nghiệp,8.8,153
HAH,52000.0,4.63,-7.8,-11.11,8780783024000.0,1006800.0,51366.4,2026-03-24,Hàng & Dịch vụ Công nghiệp,8.78,154
VGR,69800.0,0.0,4.49,7.38,5739302138200.0,81400.0,6423.74,2026-03-24,Hàng & Dịch vụ Công nghiệp,5.74,155
SGP,23700.0,2.16,-1.66,-11.57,5126190575700.0,18700.0,441.63,2026-03-24,Hàng & Dịch vụ Công nghiệp,5.13,156
IPA,15200.0,2.01,-4.4,-19.58,3250303780000.0,40400.0,608.3,2026-03-24,Hàng & Dịch vụ Công nghiệp,3.25,157
CDN,30300.0,2.02,0.33,-8.73,2999700000000.0,14400.0,434.41,2026-03-24,Hàng & Dịch vụ Công nghiệp,3.0,158
TDP,30450.0,-1.14,3.22,-0.81,2853152028300.0,229300.0,6897.005,2026-03-24,Hàng & Dịch vụ Công nghiệp,2.85,159
NCT,91200.0,0.22,-0.87,-5.39,2386424928000.0,16700.0,1521.77,2026-03-24,Hàng & Dịch vụ Công nghiệp,2.39,160
CQN,31200.0,0.0,0.0,-2.8,2341558003200.0,20200.0,629.76,2026-03-24,Hàng & Dịch vụ Công nghiệp,2.34,161
PAC,26200.0,6.94,4.8,15.42,1826331993600.0,1666900.0,43474.665,2026-03-24,Hàng & Dịch vụ Công nghiệp,1.83,162
VOS,12500.0,1.21,-11.35,-11.35,1750000000000.0,1125500.0,14060.115,2026-03-24,Hàng & Dịch vụ Công nghiệp,1.75,163
PVP,14550.0,-0.34,-4.9,-1.69,1508870676600.0,299000.0,4346.47,2026-03-24,Hàng & Dịch vụ Công nghiệp,1.51,164
APH,5530.0,2.41,-3.49,-10.66,1348680002040.0,76600.0,423.842,2026-03-24,Hàng & Dịch vụ Công nghiệp,1.35,165
ALC,23900.0,0.0,-7.36,-7.0,1223759682600.0,42700.0,1022.8,2026-03-24,Hàng & Dịch vụ Công nghiệp,1.22,166
TCL,33750.0,1.5,-0.44,-2.74,1017847215000.0,39100.0,1316.555,2026-03-24,Hàng & Dịch vụ Công nghiệp,1.02,167
VTO,11550.0,1.76,-2.53,-2.12,922459992300.0,242200.0,2788.52,2026-03-24,Hàng & Dịch vụ Công nghiệp,0.92,168
VIP,11800.0,1.29,-2.07,-2.48,807957103800.0,238000.0,2783.18,2026-03-24,Hàng & Dịch vụ Công nghiệp,0.81,169
GSP,11350.0,0.0,-1.3,1.79,766318517500.0,76600.0,864.81,2026-03-24,Hàng & Dịch vụ Công nghiệp,0.77,170
PVM,19600.0,0.51,3.16,0.51,757316560000.0,12000.0,234.19,2026-03-24,Hàng & Dịch vụ Công nghiệp,0.76,171
DXP,12300.0,2.5,-2.38,1.65,736894635900.0,212300.0,2599.88,2026-03-24,Hàng & Dịch vụ Công nghiệp,0.74,172
PDV,9150.0,0.0,-6.63,-5.08,725731572900.0,185400.0,1699.341,2026-03-24,Hàng & Dịch vụ Công nghiệp,0.73,173
ILS,18900.0,-3.08,-32.01,-19.23,680400000000.0,96600.0,1802.94,2026-03-24,Hàng & Dịch vụ Công nghiệp,0.68,174
SBG,11600.0,0.43,-1.28,-10.42,579999570800.0,20100.0,232.755,2026-03-24,Hàng & Dịch vụ Công nghiệp,0.58,175
MCP,27200.0,0.74,-0.91,-4.23,540922891200.0,18300.0,494.63,2026-03-24,Hàng & Dịch vụ Công nghiệp,0.54,176
AMS,8300.0,1.22,-2.35,3.75,498000000000.0,358600.0,2923.09,2026-03-24,Hàng & Dịch vụ Công nghiệp,0.5,177
VNF,15000.0,-1.32,-1.32,4.9,475505700000.0,154400.0,2300.77,2026-03-24,Hàng & Dịch vụ Công nghiệp,0.48,178
MHC,9350.0,3.77,-5.46,-5.27,406503573300.0,14700.0,136.406,2026-03-24,Hàng & Dịch vụ Công nghiệp,0.41,179
NAG,8400.0,3.7,-1.18,10.53,324409957200.0,95400.0,789.87,2026-03-24,Hàng & Dịch vụ Công nghiệp,0.32,180
SDV,32000.0,0.0,0.0,0.0,320000000000.0,16000.0,512.0,2026-03-24,Hàng & Dịch vụ Công nghiệp,0.32,181
VHG,1700.0,0.0,-5.56,-10.53,255000000000.0,43800.0,74.76,2026-03-24,Hàng & Dịch vụ Công nghiệp,0.26,182
SRF,7040.0,-0.14,1.29,-12.0,250390131200.0,37100.0,254.795,2026-03-24,Hàng & Dịch vụ Công nghiệp,0.25,183
VTB,13950.0,3.33,-1.06,-16.47,167149597500.0,12900.0,184.76,2026-03-24,Hàng & Dịch vụ Công nghiệp,0.17,184
QNU,10000.0,0.0,0.0,0.0,68000000000.0,50000.0,500.0,2026-03-24,Hàng & Dịch vụ Công nghiệp,0.07,185
MTL,6000.0,13.21,13.21,7.14,36000000000.0,22100.0,120.37,2026-03-24,Hàng & Dịch vụ Công nghiệp,0.04,186
PNJ,108500.0,2.07,-7.82,-9.58,37033075261000.0,910500.0,97444.27,2026-03-24,Hàng cá nhân & Gia dụng,37.03,187
VGT,11900.0,0.85,-7.03,-13.14,5950000000000.0,1469600.0,17443.73,2026-03-24,Hàng cá nhân & Gia dụng,5.95,188
TLG,47800.0,0.63,-4.97,-9.64,4614054652000.0,121400.0,5788.425,2026-03-24,Hàng cá nhân & Gia dụng,4.61,189
MSH,36050.0,1.41,-1.1,-1.9,4056382771000.0,130400.0,4742.945,2026-03-24,Hàng cá nhân & Gia dụng,4.06,190
TNG,23200.0,2.2,-6.07,2.65,2986565371200.0,1387300.0,31990.87,2026-03-24,Hàng cá nhân & Gia dụng,2.99,191
TCM,22200.0,-1.11,-6.33,-15.59,2489490351000.0,2272800.0,50378.81,2026-03-24,Hàng cá nhân & Gia dụng,2.49,192
LIX,32800.0,3.96,-6.55,-12.53,2125440000000.0,31000.0,1001.77,2026-03-24,Hàng cá nhân & Gia dụng,2.13,193
HTG,42000.0,1.69,-1.75,-3.23,1512113736000.0,23300.0,985.035,2026-03-24,Hàng cá nhân & Gia dụng,1.51,194
GIL,13300.0,3.91,-5.0,-5.34,1351280877800.0,139200.0,1852.78,2026-03-24,Hàng cá nhân & Gia dụng,1.35,195
GTD,130000.0,4.0,32.11,52.94,1209000000000.0,16800.0,2213.05,2026-03-24,Hàng cá nhân & Gia dụng,1.21,196
ADS,8080.0,3.59,-2.53,-3.58,617269394160.0,135200.0,1093.144,2026-03-24,Hàng cá nhân & Gia dụng,0.62,197
GDT,19100.0,1.87,-1.29,-3.78,476176389100.0,11600.0,219.855,2026-03-24,Hàng cá nhân & Gia dụng,0.48,198
AAT,3000.0,2.04,-1.64,-7.41,212457309000.0,30300.0,88.72,2026-03-24,Hàng cá nhân & Gia dụng,0.21,199
BKG,2610.0,0.77,3.98,-6.12,186899542200.0,67100.0,174.99,2026-03-24,Hàng cá nhân & Gia dụng,0.19,200
TDT,6900.0,0.0,0.0,4.55,164886084600.0,19300.0,133.21,2026-03-24,Hàng cá nhân & Gia dụng,0.16,201
GVR,28700.0,0.35,-13.81,-21.15,114800000000000.0,3819500.0,111011.285,2026-03-24,Hóa chất,114.8,202
DCM,45350.0,2.37,9.41,15.69,24008290000000.0,3903900.0,176240.41,2026-03-24,Hóa chất,24.01,203
DGC,52500.0,1.55,-23.69,-23.25,19938412515000.0,7065700.0,371762.76,2026-03-24,Hóa chất,19.94,204
DPM,28800.0,0.35,0.17,15.2,19583733916800.0,4313800.0,124825.115,2026-03-24,Hóa chất,19.58,205
PHR,57800.0,1.76,-5.25,-4.3,7831853644400.0,113000.0,6547.16,2026-03-24,Hóa chất,7.83,206
DDV,27000.0,0.37,-2.17,-5.92,3944967300000.0,762800.0,20517.92,2026-03-24,Hóa chất,3.94,207
DHB,12800.0,1.59,15.32,52.38,3484160000000.0,47000.0,603.65,2026-03-24,Hóa chất,3.48,208
DPR,38000.0,1.6,-5.94,-3.8,3301665416000.0,395600.0,15122.025,2026-03-24,Hóa chất,3.3,209
BFC,52000.0,-3.17,-10.65,-14.05,2972735636000.0,189800.0,9917.74,2026-03-24,Hóa chất,2.97,210
CSV,26200.0,1.55,-4.73,-9.66,2895097642000.0,457900.0,12028.165,2026-03-24,Hóa chất,2.9,211
AAA,6740.0,0.75,-6.26,-13.7,2653826000200.0,1058200.0,7212.431,2026-03-24,Hóa chất,2.65,212
TRC,68400.0,2.4,-5.39,-8.31,2052000000000.0,87000.0,5941.32,2026-03-24,Hóa chất,2.05,213
LAS,16600.0,1.84,-5.14,-0.6,1873416240000.0,673300.0,11219.25,2026-03-24,Hóa chất,1.87,214
PLC,22500.0,0.9,-12.11,-24.5,1817945235000.0,378500.0,8626.28,2026-03-24,Hóa chất,1.82,215
PAT,68300.0,0.44,-9.18,-15.57,1707500000000.0,48300.0,3319.52,2026-03-24,Hóa chất,1.71,216
VTZ,19800.0,0.51,-2.46,-1.49,1507964693400.0,1269300.0,25122.12,2026-03-24,Hóa chất,1.51,217
NHH,9920.0,0.1,-4.15,-9.41,1120602880000.0,27600.0,274.576,2026-03-24,Hóa chất,1.12,218
ECO,31800.0,0.0,-0.62,-2.15,953999523000.0,12400.0,392.89,2026-03-24,Hóa chất,0.95,219
DRI,12200.0,0.83,-6.87,-1.61,893040000000.0,339800.0,4184.29,2026-03-24,Hóa chất,0.89,220
HVT,27600.0,0.73,0.0,-2.13,758173269600.0,12800.0,349.28,2026-03-24,Hóa chất,0.76,221
PCH,20300.0,1.0,-0.98,2.01,515820827900.0,128000.0,2592.83,2026-03-24,Hóa chất,0.52,222
TSC,2520.0,2.44,-1.18,-10.0,496084491000.0,98500.0,244.861,2026-03-24,Hóa chất,0.5,223
PLP,5150.0,-0.77,-5.5,-3.38,463500000000.0,20600.0,109.681,2026-03-24,Hóa chất,0.46,224
VNP,21600.0,4.35,3.35,14.89,419664520800.0,152700.0,3262.71,2026-03-24,Hóa chất,0.42,225
HII,5190.0,2.37,-5.64,-2.26,382311053040.0,103300.0,531.475,2026-03-24,Hóa chất,0.38,226
HCD,7900.0,-0.38,-0.38,-1.25,291974646400.0,14600.0,114.312,2026-03-24,Hóa chất,0.29,227
ABS,3010.0,3.08,4.51,7.89,240800000000.0,129400.0,384.715,2026-03-24,Hóa chất,0.24,228
AVG,10000.0,1.01,-3.85,-7.41,176799820000.0,128100.0,1277.88,2026-03-24,Hóa chất,0.18,229
PVO,7100.0,-5.33,-8.97,7.58,63190000000.0,61400.0,436.56,2026-03-24,Hóa chất,0.06,230
PGN,6500.0,-9.72,4.84,4.84,61521583500.0,26900.0,183.62,2026-03-24,Hóa chất,0.06,231
VCB,58200.0,1.04,-3.8,-9.63,486300290470800.0,4332300.0,253024.76,2026-03-24,Ngân hàng,486.3,232
BID,39100.0,1.69,-3.34,-16.63,274535250954700.0,6990400.0,272364.125,2026-03-24,Ngân hàng,274.54,233
CTG,33550.0,3.23,-2.47,-13.08,260580992571350.0,6410500.0,214444.75,2026-03-24,Ngân hàng,260.58,234
TCB,29850.0,3.29,-1.49,-15.8,211524276357900.0,9251700.0,273291.82,2026-03-24,Ngân hàng,211.52,235
MBB,25600.0,2.4,-2.85,-9.54,206207997670400.0,13041100.0,334394.655,2026-03-24,Ngân hàng,206.21,236
VPB,25250.0,5.21,-1.75,-10.78,200331570925250.0,29998900.0,752577.965,2026-03-24,Ngân hàng,200.33,237
LPB,41900.0,1.82,-3.34,-0.36,125167119990000.0,1020400.0,42242.225,2026-03-24,Ngân hàng,125.17,238
HDB,24300.0,0.0,-5.45,-13.83,121628214648900.0,13461800.0,330341.475,2026-03-24,Ngân hàng,121.63,239
ACB,23100.0,2.67,-2.74,-3.14,118656767436900.0,14004000.0,321129.815,2026-03-24,Ngân hàng,118.66,240
STB,60800.0,1.33,-10.06,-2.88,114621115532800.0,6025600.0,369317.54,2026-03-24,Ngân hàng,114.62,241
SHB,14450.0,0.35,-3.99,-6.47,66386190346800.0,34929600.0,507476.07,2026-03-24,Ngân hàng,66.39,242
VIB,16700.0,2.45,-1.76,-3.19,56846895357000.0,4879400.0,81136.96,2026-03-24,Ngân hàng,56.85,243
SSB,16800.0,0.0,0.9,-1.18,47796000000000.0,1994400.0,33260.975,2026-03-24,Ngân hàng,47.8,244
TPB,15800.0,4.64,-1.86,-9.71,43829940593400.0,11898000.0,186331.36,2026-03-24,Ngân hàng,43.83,245
EIB,22150.0,4.24,-3.7,-4.11,41394154945050.0,4580100.0,100197.545,2026-03-24,Ngân hàng,41.39,246
MSB,11250.0,2.74,-0.88,-6.64,35100000000000.0,2798300.0,31375.9,2026-03-24,Ngân hàng,35.1,247
OCB,10950.0,2.34,0.46,-5.6,29160422509800.0,1422200.0,15584.96,2026-03-24,Ngân hàng,29.16,248
NAB,12500.0,0.0,-4.21,-11.03,21446081000000.0,1712000.0,21513.015,2026-03-24,Ngân hàng,21.45,249
NVB,10700.0,3.88,-4.46,-13.01,20593570435700.0,125300.0,1325.99,2026-03-24,Ngân hàng,20.59,250
ABB,13800.0,0.0,1.47,-2.13,19281479853000.0,842800.0,11605.45,2026-03-24,Ngân hàng,19.28,251
VBB,9700.0,2.11,-2.02,-7.62,10445904624800.0,17200.0,167.45,2026-03-24,Ngân hàng,10.45,252
VAB,9860.0,3.68,-1.89,-8.28,8049316225920.0,186500.0,1827.31,2026-03-24,Ngân hàng,8.05,253
BVB,11700.0,2.63,-3.31,-13.33,7497594000000.0,599500.0,6998.77,2026-03-24,Ngân hàng,7.5,254
KLB,12750.0,2.0,-7.94,-12.67,7422674206500.0,257000.0,3236.025,2026-03-24,Ngân hàng,7.42,255
SGB,10700.0,-10.83,-13.01,-13.71,3860771132400.0,28800.0,340.09,2026-03-24,Ngân hàng,3.86,256
MCH,147500.0,1.3,-7.93,-1.01,190937797887500.0,113800.0,16793.2,2026-03-24,Thực phẩm và đồ uống,190.94,257
VNM,61200.0,0.66,-0.49,-11.94,127905273234000.0,2689900.0,164648.2,2026-03-24,Thực phẩm và đồ uống,127.91,258
MSN,72100.0,1.84,-4.38,-7.56,104250504449700.0,3692600.0,266689.04,2026-03-24,Thực phẩm và đồ uống,104.25,259
SAB,45100.0,5.13,1.69,-7.01,57843562977200.0,779500.0,34374.465,2026-03-24,Thực phẩm và đồ uống,57.84,260
HAG,15200.0,0.33,1.0,-8.43,19265512794400.0,2345700.0,35600.835,2026-03-24,Thực phẩm và đồ uống,19.27,261
SBT,21050.0,0.24,-5.82,-11.92,18000119998450.0,554700.0,11619.075,2026-03-24,Thực phẩm và đồ uống,18.0,262
QNS,48000.0,0.21,0.21,-2.24,17647111344000.0,28500.0,1369.04,2026-03-24,Thực phẩm và đồ uống,17.65,263
KDC,48050.0,-2.93,-5.04,-7.77,13925193483800.0,109700.0,5344.145,2026-03-24,Thực phẩm và đồ uống,13.93,264
VSF,26900.0,-0.37,-2.18,5.91,13450000000000.0,20100.0,540.78,2026-03-24,Thực phẩm và đồ uống,13.45,265
VHC,57400.0,2.68,-5.9,-4.49,12883611326600.0,349400.0,19903.87,2026-03-24,Thực phẩm và đồ uống,12.88,266
HPA,37900.0,0.26,-6.19,-12.87,10801500000000.0,75200.0,2853.08,2026-03-24,Thực phẩm và đồ uống,10.8,267
MML,30800.0,0.33,-8.06,-17.43,10481759226400.0,75800.0,2353.12,2026-03-24,Thực phẩm và đồ uống,10.48,268
BAF,34200.0,0.74,-2.84,-10.59,10397540156400.0,3350600.0,114056.365,2026-03-24,Thực phẩm và đồ uống,10.4,269
DBC,22300.0,1.36,-5.51,-16.48,8582526674100.0,2202200.0,49423.825,2026-03-24,Thực phẩm và đồ uống,8.58,270
AIG,44300.0,0.0,-2.42,-9.22,7557637501400.0,22400.0,989.59,2026-03-24,Thực phẩm và đồ uống,7.56,271
HNG,6100.0,3.39,1.67,-4.69,6762178759500.0,1687400.0,10255.17,2026-03-24,Thực phẩm và đồ uống,6.76,272
MPC,15500.0,2.65,-3.73,-15.3,6216941500000.0,63100.0,984.09,2026-03-24,Thực phẩm và đồ uống,6.22,273
PAN,28000.0,0.0,-13.58,-11.39,6056248240000.0,584400.0,16509.855,2026-03-24,Thực phẩm và đồ uống,6.06,274
ANV,22100.0,3.03,-8.3,-16.6,5893351750000.0,716400.0,15814.355,2026-03-24,Thực phẩm và đồ uống,5.89,275
NAF,48550.0,-0.61,6.82,13.7,2970388721700.0,610300.0,29723.595,2026-03-24,Thực phẩm và đồ uống,2.97,276
VLC,13600.0,1.49,-1.45,-5.56,2889885909600.0,54800.0,742.76,2026-03-24,Thực phẩm và đồ uống,2.89,277
MCM,25500.0,0.99,-1.92,-5.9,2805000000000.0,11700.0,296.265,2026-03-24,Thực phẩm và đồ uống,2.8,278
FMC,37250.0,3.76,-3.62,-3.62,2435736115250.0,41400.0,1520.59,2026-03-24,Thực phẩm và đồ uống,2.44,279
ASM,5400.0,1.89,-6.41,-10.0,2198848588200.0,278800.0,1515.506,2026-03-24,Thực phẩm và đồ uống,2.2,280
IDI,6600.0,1.38,-8.08,-3.51,1802939608800.0,348700.0,2317.278,2026-03-24,Thực phẩm và đồ uống,1.8,281
APF,51500.0,1.18,1.18,18.66,1686487958500.0,17100.0,874.82,2026-03-24,Thực phẩm và đồ uống,1.69,282
CLX,15000.0,0.67,-2.6,-7.41,1299000000000.0,43500.0,648.71,2026-03-24,Thực phẩm và đồ uống,1.3,283
SMB,38400.0,0.26,0.0,-2.78,1146111283200.0,12000.0,461.76,2026-03-24,Thực phẩm và đồ uống,1.15,284
OCH,5400.0,0.0,-3.57,-6.9,1080000000000.0,20300.0,110.36,2026-03-24,Thực phẩm và đồ uống,1.08,285
GCF,23400.0,6.85,-4.49,-20.68,1011967421400.0,165100.0,3804.45,2026-03-24,Thực phẩm và đồ uống,1.01,286
ANT,35300.0,5.85,-1.94,-7.59,847330892400.0,29800.0,1018.215,2026-03-24,Thực phẩm và đồ uống,0.85,287
LSS,8580.0,0.94,1.66,-11.55,735663125340.0,66000.0,562.693,2026-03-24,Thực phẩm và đồ uống,0.74,288
CMX,5990.0,2.22,-4.92,-7.85,610374950100.0,50600.0,302.249,2026-03-24,Thực phẩm và đồ uống,0.61,289
TCO,12900.0,6.17,21.13,28.36,404036023800.0,969800.0,12359.24,2026-03-24,Thực phẩm và đồ uống,0.4,290
HNM,7900.0,-1.25,-1.25,0.0,350760000000.0,213700.0,1688.23,2026-03-24,Thực phẩm và đồ uống,0.35,291
BIG,6700.0,3.08,-8.22,-23.86,208197267300.0,178500.0,1194.31,2026-03-24,Thực phẩm và đồ uống,0.21,292
HSL,4860.0,0.41,-6.54,-31.55,187437384180.0,99700.0,488.74,2026-03-24,Thực phẩm và đồ uống,0.19,293
BNA,5700.0,1.79,-6.56,-16.18,178121545800.0,247200.0,1410.55,2026-03-24,Thực phẩm và đồ uống,0.18,294
CTP,5000.0,4.17,-7.41,-15.25,60499960000.0,20300.0,98.23,2026-03-24,Thực phẩm và đồ uống,0.06,295
BQB,4200.0,7.69,7.69,-2.33,24360000000.0,20500.0,83.14,2026-03-24,Thực phẩm và đồ uống,0.02,296
YEG,9930.0,0.4,-10.54,-18.27,1904594207550.0,1104700.0,11055.339,2026-03-24,Truyền thông,1.9,297
ODE,45100.0,0.45,-2.17,-2.17,451000000000.0,19800.0,892.84,2026-03-24,Truyền thông,0.45,298
STH,20000.0,-1.48,1.52,-8.26,390000000000.0,42300.0,846.11,2026-03-24,Truyền thông,0.39,299
DST,8200.0,0.0,-1.2,-24.07,264195800000.0,29200.0,235.29,2026-03-24,Truyền thông,0.26,300
VPR,8100.0,0.0,1.25,1.25,81543331800.0,11600.0,93.96,2026-03-24,Truyền thông,0.08,301
NBE,11200.0,-1.75,0.0,-2.61,56000000000.0,10200.0,115.21,2026-03-24,Truyền thông,0.06,302
HPG,25950.0,1.76,-3.53,-3.35,199178338937250.0,27778800.0,723099.875,2026-03-24,Tài nguyên Cơ bản,199.18,303
MSR,45000.0,-0.66,-12.28,20.64,49492328400000.0,2705300.0,121270.22,2026-03-24,Tài nguyên Cơ bản,49.49,304
KSV,135600.0,2.49,-15.04,-20.24,27120000000000.0,29200.0,4014.46,2026-03-24,Tài nguyên Cơ bản,27.12,305
HSG,14350.0,3.61,-1.03,-7.42,8911096134150.0,1721500.0,24686.99,2026-03-24,Tài nguyên Cơ bản,8.91,306
NKG,13150.0,2.33,-6.41,-12.04,5885557085150.0,3255500.0,43085.745,2026-03-24,Tài nguyên Cơ bản,5.89,307
TVN,7900.0,1.28,-7.06,-7.06,5356200000000.0,310800.0,2476.23,2026-03-24,Tài nguyên Cơ bản,5.36,308
PTB,47300.0,0.85,-8.16,-13.69,3799423773200.0,128400.0,6061.88,2026-03-24,Tài nguyên Cơ bản,3.8,309
DHC,34500.0,3.45,-0.72,-9.21,3332396607000.0,379300.0,13012.31,2026-03-24,Tài nguyên Cơ bản,3.33,310
SHI,14000.0,-0.36,-4.44,-0.36,2383757726000.0,198100.0,2736.14,2026-03-24,Tài nguyên Cơ bản,2.38,311
GDA,13800.0,1.47,-4.83,-10.97,2057564143800.0,28700.0,398.79,2026-03-24,Tài nguyên Cơ bản,2.06,312
MZG,13200.0,2.33,3.94,16.81,1537886776800.0,770900.0,10166.94,2026-03-24,Tài nguyên Cơ bản,1.54,313
VGS,22600.0,4.15,-7.38,-14.72,1390445903000.0,270600.0,6129.21,2026-03-24,Tài nguyên Cơ bản,1.39,314
HHP,13150.0,0.38,0.38,-11.74,1138189610450.0,1112000.0,14531.95,2026-03-24,Tài nguyên Cơ bản,1.14,315
TTF,2570.0,1.58,-4.81,-11.99,1011419136140.0,458400.0,1181.346,2026-03-24,Tài nguyên Cơ bản,1.01,316
BCA,17900.0,5.29,-3.24,7.83,895000000000.0,20600.0,362.74,2026-03-24,Tài nguyên Cơ bản,0.9,317
TIS,4800.0,0.0,-2.04,-9.43,883146720000.0,36800.0,176.66,2026-03-24,Tài nguyên Cơ bản,0.88,318
HAP,7490.0,3.31,-3.73,-4.22,832122312280.0,41400.0,311.519,2026-03-24,Tài nguyên Cơ bản,0.83,319
SMC,10850.0,0.0,-2.25,-12.15,799412668950.0,76200.0,838.305,2026-03-24,Tài nguyên Cơ bản,0.8,320
CAP,46100.0,2.22,2.44,12.44,703945386500.0,31300.0,1433.8,2026-03-24,Tài nguyên Cơ bản,0.7,321
CST,15200.0,0.66,7.8,15.15,651270949600.0,202200.0,3075.25,2026-03-24,Tài nguyên Cơ bản,0.65,322
TVD,11200.0,-5.88,0.0,10.89,503584076800.0,520400.0,5953.610000000001,2026-03-24,Tài nguyên Cơ bản,0.5,323
TLH,4470.0,1.13,-2.4,-9.51,502070475990.0,185800.0,832.657,2026-03-24,Tài nguyên Cơ bản,0.5,324
BKC,21200.0,3.41,-6.61,-12.4,497679667200.0,17100.0,364.33,2026-03-24,Tài nguyên Cơ bản,0.5,325
NBC,10800.0,-7.69,5.88,24.14,399590539200.0,485500.0,5336.54,2026-03-24,Tài nguyên Cơ bản,0.4,326
VPG,4300.0,0.94,-10.23,-13.13,380187729300.0,116000.0,501.099,2026-03-24,Tài nguyên Cơ bản,0.38,327
AAH,3200.0,-3.03,-3.03,-3.03,377280000000.0,1515900.0,4857.26,2026-03-24,Tài nguyên Cơ bản,0.38,328
HLC,12700.0,-5.22,-3.79,6.72,322773027300.0,34500.0,446.42,2026-03-24,Tài nguyên Cơ bản,0.32,329
DHM,6750.0,0.6,10.11,10.11,233115968250.0,16700.0,112.408,2026-03-24,Tài nguyên Cơ bản,0.23,330
THT,9300.0,-2.11,3.33,10.71,228492183600.0,97900.0,914.87,2026-03-24,Tài nguyên Cơ bản,0.23,331
MDC,10500.0,0.96,-0.94,3.96,224892633000.0,17500.0,178.94,2026-03-24,Tài nguyên Cơ bản,0.22,332
BMC,13200.0,1.54,-7.69,-13.44,163582716000.0,24500.0,325.395,2026-03-24,Tài nguyên Cơ bản,0.16,333
HSV,4400.0,2.33,-4.35,4.76,135299973600.0,81300.0,351.71,2026-03-24,Tài nguyên Cơ bản,0.14,334
KCB,13000.0,2.36,-7.14,1.56,104000000000.0,60000.0,769.91,2026-03-24,Tài nguyên Cơ bản,0.1,335
TDS,8100.0,-3.57,-3.57,-2.41,99025683300.0,71000.0,582.26,2026-03-24,Tài nguyên Cơ bản,0.1,336
NSH,4700.0,2.17,-6.0,6.82,97259153900.0,216500.0,1033.29,2026-03-24,Tài nguyên Cơ bản,0.1,337
TTH,2400.0,4.35,-4.0,4.35,89699630400.0,48700.0,116.88,2026-03-24,Tài nguyên Cơ bản,0.09,338
ITQ,2800.0,3.7,-3.45,0.0,89161254000.0,30600.0,83.27,2026-03-24,Tài nguyên Cơ bản,0.09,339
KVC,1400.0,7.69,0.0,-6.67,69300000000.0,176100.0,230.47,2026-03-24,Tài nguyên Cơ bản,0.07,340
VGI,84300.0,2.43,-2.43,-19.71,256593284160000.0,485700.0,40886.94,2026-03-24,Viễn thông,256.59,341
FOX,78700.0,1.55,3.55,-2.72,58140684538100.0,199700.0,15664.52,2026-03-24,Viễn thông,58.14,342
TTN,16000.0,5.26,1.91,-4.19,587640000000.0,92000.0,1463.61,2026-03-24,Viễn thông,0.59,343
MFS,35100.0,5.72,0.29,-10.0,247910562900.0,22900.0,800.42,2026-03-24,Viễn thông,0.25,344
ABC,9800.0,0.0,-2.0,-13.27,199812200000.0,42800.0,421.21,2026-03-24,Viễn thông,0.2,345
GEL,33200.0,2.15,-4.87,-7.65,29548000000000.0,3513500.0,116041.34,2026-03-24,Xây dựng và Vật liệu,29.55,346
VGC,43050.0,2.38,-7.72,-14.41,19301467500000.0,1101800.0,47511.69,2026-03-24,Xây dựng và Vật liệu,19.3,347
VCG,20550.0,-0.96,-9.47,8.73,13284924304800.0,13399200.0,279212.325,2026-03-24,Xây dựng và Vật liệu,13.28,348
CII,16650.0,6.73,2.15,-6.98,11188555095150.0,13483600.0,223065.545,2026-03-24,Xây dựng và Vật liệu,11.19,349
BMP,124800.0,2.97,-11.05,-21.51,10216245062400.0,236900.0,29477.6,2026-03-24,Xây dựng và Vật liệu,10.22,350
NTP,54900.0,0.73,-5.51,-13.0,9389998278000.0,238600.0,13120.26,2026-03-24,Xây dựng và Vật liệu,9.39,351
CTR,81200.0,2.92,-1.81,-12.59,9288133374800.0,233200.0,18845.99,2026-03-24,Xây dựng và Vật liệu,9.29,352
CTD,81300.0,3.44,-2.05,0.49,8837606826300.0,574400.0,46364.37,2026-03-24,Xây dựng và Vật liệu,8.84,353
VCS,41900.0,6.62,1.7,-5.42,6704000000000.0,120700.0,4928.95,2026-03-24,Xây dựng và Vật liệu,6.7,354
HHV,11650.0,3.56,-4.51,-4.12,5795094484950.0,4316400.0,50290.225,2026-03-24,Xây dựng và Vật liệu,5.8,355
SCG,64200.0,-1.23,-1.68,-0.16,5457000000000.0,23300.0,1512.63,2026-03-24,Xây dựng và Vật liệu,5.46,356
DPG,39800.0,2.05,-4.9,-11.65,4011801473600.0,347300.0,13801.17,2026-03-24,Xây dựng và Vật liệu,4.01,357
VIW,51100.0,-14.98,8.72,325.83,2964750460000.0,73700.0,3775.25,2026-03-24,Xây dựng và Vật liệu,2.96,358
LIC,31000.0,3.33,-4.62,19.23,2790000000000.0,16900.0,529.75,2026-03-24,Xây dựng và Vật liệu,2.79,359
FIC,20000.0,-9.91,-10.31,21.95,2540000000000.0,46600.0,954.71,2026-03-24,Xây dựng và Vật liệu,2.54,360
VLB,45000.0,1.35,-1.96,-7.79,2102425200000.0,31600.0,1420.41,2026-03-24,Xây dựng và Vật liệu,2.1,361
LCG,9400.0,3.52,-5.43,-7.39,1960863189800.0,1054200.0,9914.972,2026-03-24,Xây dựng và Vật liệu,1.96,362
FCN,12200.0,3.39,-2.01,-10.29,1920755861000.0,571400.0,6949.4,2026-03-24,Xây dựng và Vật liệu,1.92,363
HBC,5300.0,3.92,-3.64,-14.52,1840230331000.0,529300.0,2752.83,2026-03-24,Xây dựng và Vật liệu,1.84,364
KSB,16000.0,0.0,-5.04,-7.78,1836465648000.0,1532200.0,24305.995,2026-03-24,Xây dựng và Vật liệu,1.84,365
MVC,16600.0,3.75,3.75,0.0,1660000000000.0,33900.0,551.91,2026-03-24,Xây dựng và Vật liệu,1.66,366
CTI,22200.0,3.26,-4.31,-5.93,1398599933400.0,472400.0,10398.68,2026-03-24,Xây dựng và Vật liệu,1.4,367
THG,44300.0,0.91,-1.12,-1.56,1379054880100.0,25200.0,1126.68,2026-03-24,Xây dựng và Vật liệu,1.38,368
ACC,12500.0,0.4,0.0,-1.57,1312499912500.0,25000.0,310.065,2026-03-24,Xây dựng và Vật liệu,1.31,369
EVG,5980.0,4.18,-4.63,-20.58,1287194019280.0,596700.0,3559.8,2026-03-24,Xây dựng và Vật liệu,1.29,370
LBM,31200.0,2.3,0.16,-7.83,1248000000000.0,33000.0,1045.94,2026-03-24,Xây dựng và Vật liệu,1.25,371
NNC,52700.0,0.0,-1.31,-2.41,1155184000000.0,31900.0,1661.73,2026-03-24,Xây dựng và Vật liệu,1.16,372
CDC,21800.0,0.93,-2.68,-10.66,1150444009800.0,84300.0,1817.54,2026-03-24,Xây dựng và Vật liệu,1.15,373
CRC,10000.0,0.0,7.53,13.77,1066999240000.0,3809400.0,37777.08,2026-03-24,Xây dựng và Vật liệu,1.07,374
MST,8500.0,3.66,-1.16,34.92,965635870000.0,3083600.0,25681.0,2026-03-24,Xây dựng và Vật liệu,0.97,375
CVT,25450.0,6.71,-6.61,-6.78,933783074150.0,19400.0,476.115,2026-03-24,Xây dựng và Vật liệu,0.93,376
BCC,7300.0,1.39,-1.35,-3.95,899431627600.0,25900.0,186.17,2026-03-24,Xây dựng và Vật liệu,0.9,377
NHA,12350.0,3.78,-3.52,-16.27,800143470750.0,228800.0,2801.04,2026-03-24,Xây dựng và Vật liệu,0.8,378
HVH,12100.0,0.41,1.26,-1.63,768220941400.0,98800.0,1198.355,2026-03-24,Xây dựng và Vật liệu,0.77,379
DLG,2550.0,1.59,-2.3,-15.0,763239786000.0,848100.0,2175.926,2026-03-24,Xây dựng và Vật liệu,0.76,380
DHA,46800.0,-0.43,-11.53,-18.18,707613472800.0,79800.0,3774.1,2026-03-24,Xây dựng và Vật liệu,0.71,381
TLD,8500.0,6.25,3.66,0.83,660801526000.0,659700.0,5293.798,2026-03-24,Xây dựng và Vật liệu,0.66,382
TSA,16100.0,-3.01,3.54,8.78,650842403400.0,519700.0,8319.155,2026-03-24,Xây dựng và Vật liệu,0.65,383
CSC,15700.0,3.97,0.64,-4.85,646043444800.0,13800.0,214.62,2026-03-24,Xây dựng và Vật liệu,0.65,384
SJE,16100.0,1.9,-4.17,-9.55,644000000000.0,61000.0,979.76,2026-03-24,Xây dựng và Vật liệu,0.64,385
BTS,5000.0,2.04,-1.96,-7.41,617799290000.0,21500.0,107.15,2026-03-24,Xây dựng và Vật liệu,0.62,386
HTI,24200.0,1.47,-2.02,-6.56,603770640000.0,22800.0,547.695,2026-03-24,Xây dựng và Vật liệu,0.6,387
SCL,18500.0,0.0,-7.5,-11.9,599545687500.0,106700.0,1974.09,2026-03-24,Xây dựng và Vật liệu,0.6,388
ADP,22650.0,0.0,-2.37,-3.62,521852602500.0,13500.0,308.09,2026-03-24,Xây dựng và Vật liệu,0.52,389
RYG,10950.0,2.34,3.3,2.34,492750000000.0,173400.0,1875.985,2026-03-24,Xây dựng và Vật liệu,0.49,390
DSH,13500.0,-6.9,-15.09,5.47,472500000000.0,285000.0,3820.38,2026-03-24,Xây dựng và Vật liệu,0.47,391
CTX,4700.0,2.17,-7.84,-17.54,471911678000.0,37800.0,178.48,2026-03-24,Xây dựng và Vật liệu,0.47,392
VTV,14900.0,0.0,1.36,0.68,464877392500.0,49500.0,738.49,2026-03-24,Xây dựng và Vật liệu,0.46,393
HMS,39400.0,3.14,-13.02,10.99,430241302000.0,25900.0,981.18,2026-03-24,Xây dựng và Vật liệu,0.43,394
TNT,8400.0,-4.55,-5.62,-4.11,428400000000.0,117500.0,1029.384,2026-03-24,Xây dựng và Vật liệu,0.43,395
VNE,4340.0,0.23,-2.25,-18.42,392479016020.0,154200.0,665.639,2026-03-24,Xây dựng và Vật liệu,0.39,396
BCE,11200.0,0.9,1.36,-1.75,392000000000.0,43600.0,479.97,2026-03-24,Xây dựng và Vật liệu,0.39,397
HID,4940.0,6.93,26.67,-1.2,379219258080.0,210800.0,1041.352,2026-03-24,Xây dựng và Vật liệu,0.38,398
BDT,9100.0,1.11,0.0,-2.15,351218140000.0,18200.0,167.13,2026-03-24,Xây dựng và Vật liệu,0.35,399
LIG,3700.0,2.78,-5.13,-7.5,348616445700.0,77700.0,287.29,2026-03-24,Xây dựng và Vật liệu,0.35,400
MBG,2800.0,3.7,0.0,-6.67,336611912000.0,28500.0,78.14,2026-03-24,Xây dựng và Vật liệu,0.34,401
CIG,6480.0,5.71,6.23,-18.7,330738856560.0,50800.0,307.89,2026-03-24,Xây dựng và Vật liệu,0.33,402
LAI,11600.0,0.0,-1.69,-13.43,317375640400.0,14300.0,163.88,2026-03-24,Xây dựng và Vật liệu,0.32,403
DGT,4000.0,2.56,-4.76,-11.11,316000000000.0,17300.0,69.09,2026-03-24,Xây dựng và Vật liệu,0.32,404
PSB,5800.0,3.57,-3.33,13.73,290000000000.0,37400.0,218.44,2026-03-24,Xây dựng và Vật liệu,0.29,405
NED,6800.0,0.0,-2.86,-2.86,275400000000.0,250900.0,1706.82,2026-03-24,Xây dựng và Vật liệu,0.28,406
VCC,10600.0,-6.19,-15.2,6.0,254400000000.0,40000.0,433.12,2026-03-24,Xây dựng và Vật liệu,0.25,407
PHC,4530.0,-1.31,-3.41,-5.62,229227485820.0,41000.0,186.251,2026-03-24,Xây dựng và Vật liệu,0.23,408
PTC,6840.0,6.88,-2.98,0.59,220982096160.0,55000.0,376.2,2026-03-24,Xây dựng và Vật liệu,0.22,409
CMS,7000.0,1.45,-5.41,-7.89,178167500000.0,118300.0,810.66,2026-03-24,Xây dựng và Vật liệu,0.18,410
FCM,3300.0,0.3,-1.2,-5.71,152547865800.0,14100.0,46.492,2026-03-24,Xây dựng và Vật liệu,0.15,411
MCG,2400.0,4.35,0.0,-4.0,124920000000.0,27100.0,64.84,2026-03-24,Xây dựng và Vật liệu,0.12,412
PFL,2400.0,0.0,0.0,-4.0,120000000000.0,149600.0,358.24,2026-03-24,Xây dựng và Vật liệu,0.12,413
DDB,9500.0,1.06,5.56,-1.04,114000000000.0,207000.0,1966.43,2026-03-24,Xây dựng và Vật liệu,0.11,414
UDJ,6600.0,6.45,1.54,-1.49,108900000000.0,95200.0,609.04,2026-03-24,Xây dựng và Vật liệu,0.11,415
HVX,2200.0,4.76,0.92,-2.22,91355550000.0,36600.0,80.63,2026-03-24,Xây dựng và Vật liệu,0.09,416
KSQ,2100.0,0.0,0.0,-12.5,63000000000.0,79100.0,167.32,2026-03-24,Xây dựng và Vật liệu,0.06,417
FID,2000.0,-9.09,17.65,17.65,49431916000.0,369400.0,791.84,2026-03-24,Xây dựng và Vật liệu,0.05,418
SVN,1900.0,0.0,-5.0,-13.64,39900000000.0,49000.0,93.44,2026-03-24,Xây dựng và Vật liệu,0.04,419
VTA,2400.0,9.09,4.35,9.09,19200000000.0,35800.0,82.79,2026-03-24,Xây dựng và Vật liệu,0.02,420
DHG,100100.0,0.3,-1.86,-3.29,13087681707100.0,18300.0,1829.51,2026-03-24,Y tế,13.09,421
IMP,55000.0,1.1,-1.96,3.0,8472351910000.0,14100.0,769.4,2026-03-24,Y tế,8.47,422
DVN,20600.0,2.49,-3.74,-6.36,4882200000000.0,12800.0,262.68,2026-03-24,Y tế,4.88,423
DCL,56500.0,0.89,1.25,-1.74,4126818195000.0,444900.0,25017.5,2026-03-24,Y tế,4.13,424
TNH,10250.0,-0.49,-4.21,-14.58,1699449415750.0,58900.0,604.095,2026-03-24,Y tế,1.7,425
FIT,4230.0,0.71,-4.3,-7.84,1437916733820.0,222100.0,941.043,2026-03-24,Y tế,1.44,426
MKP,35300.0,14.98,6.97,18.46,891968201300.0,12300.0,408.0,2026-03-24,Y tế,0.89,427
JVC,4590.0,4.32,2.23,-16.85,516375784890.0,146200.0,655.818,2026-03-24,Y tế,0.52,428
DVM,7000.0,1.45,2.94,12.9,329404509000.0,224200.0,1568.16,2026-03-24,Y tế,0.33,429
CDP,14900.0,10.37,12.03,23.14,271311120000.0,34900.0,500.35,2026-03-24,Y tế,0.27,430
DBT,10950.0,0.92,2.34,0.92,240541518900.0,105400.0,1151.045,2026-03-24,Y tế,0.24,431
AMV,1800.0,5.88,-10.0,-25.0,235990170000.0,436000.0,782.47,2026-03-24,Y tế,0.24,432
DDN,10800.0,10.2,2.86,33.33,174056936400.0,31900.0,331.74,2026-03-24,Y tế,0.17,433
GPC,2000.0,0.0,-4.76,-13.04,108144286000.0,13100.0,26.22,2026-03-24,Y tế,0.11,434
VHE,3100.0,3.33,3.33,-3.12,102733987600.0,280600.0,855.92,2026-03-24,Y tế,0.1,435
HUT,16200.0,2.53,0.0,0.0,17306226412200.0,2480100.0,39661.25,2026-03-24,Ô tô và phụ tùng,17.31,436
HHS,11550.0,6.94,3.59,-6.1,4989437930400.0,3551100.0,40777.89,2026-03-24,Ô tô và phụ tùng,4.99,437
VVS,127900.0,6.94,-15.13,16.06,2753047500000.0,548200.0,63235.03,2026-03-24,Ô tô và phụ tùng,2.75,438
DRC,13250.0,1.92,-6.69,-12.54,2046187999750.0,135000.0,1788.25,2026-03-24,Ô tô và phụ tùng,2.05,439
CTF,18600.0,1.36,-1.85,-4.62,1779161777400.0,283800.0,5185.13,2026-03-24,Ô tô và phụ tùng,1.78,440
CSM,12050.0,2.12,0.42,-4.37,1248698927350.0,211000.0,2528.925,2026-03-24,Ô tô và phụ tùng,1.25,441
HAX,10350.0,1.97,-3.72,-7.59,1112000698350.0,263100.0,2713.17,2026-03-24,Ô tô và phụ tùng,1.11,442
PTM,16200.0,8.0,3.85,24.62,570240000000.0,11400.0,180.51,2026-03-24,Ô tô và phụ tùng,0.57,443
TMT,12800.0,4.92,2.4,6.67,477282304000.0,44700.0,513.655,2026-03-24,Ô tô và phụ tùng,0.48,444
GAS,80700.0,0.25,-6.6,-20.57,194725045309200.0,1892400.0,152566.74,2026-03-24,"Điện, nước & xăng dầu khí đốt",194.73,445
POW,12700.0,0.0,-3.05,-5.22,38961640237600.0,12573000.0,159741.375,2026-03-24,"Điện, nước & xăng dầu khí đốt",38.96,446
REE,66300.0,2.0,5.24,7.63,35911934615700.0,1043400.0,69108.76,2026-03-24,"Điện, nước & xăng dầu khí đốt",35.91,447
PGV,23600.0,-1.67,-3.08,-2.68,26513845885600.0,22600.0,535.41,2026-03-24,"Điện, nước & xăng dầu khí đốt",26.51,448
BWE,42150.0,1.44,-1.06,-5.28,9269992344600.0,241400.0,10159.375,2026-03-24,"Điện, nước & xăng dầu khí đốt",9.27,449
QTP,13700.0,-2.14,4.58,9.6,6165000000000.0,1340400.0,18338.61,2026-03-24,"Điện, nước & xăng dầu khí đốt",6.16,450
HND,11600.0,0.0,3.57,8.41,5800000000000.0,31500.0,363.96,2026-03-24,"Điện, nước & xăng dầu khí đốt",5.8,451
GEG,16050.0,1.26,3.22,10.31,5750849354550.0,1735100.0,28023.155,2026-03-24,"Điện, nước & xăng dầu khí đốt",5.75,452
CHP,28150.0,0.0,-1.92,-1.05,4438074839400.0,20400.0,571.735,2026-03-24,"Điện, nước & xăng dầu khí đốt",4.44,453
SHP,34450.0,0.15,0.15,-2.55,3486558826400.0,10700.0,362.985,2026-03-24,"Điện, nước & xăng dầu khí đốt",3.49,454
PPC,10650.0,0.95,2.9,5.45,3474402750000.0,1003300.0,10625.19,2026-03-24,"Điện, nước & xăng dầu khí đốt",3.47,455
TTA,11600.0,0.43,1.31,5.94,2071285409200.0,525800.0,6086.56,2026-03-24,"Điện, nước & xăng dầu khí đốt",2.07,456
VCP,23900.0,0.84,-0.42,-1.65,2002572826200.0,19900.0,466.5,2026-03-24,"Điện, nước & xăng dầu khí đốt",2.0,457
SBA,28200.0,0.0,0.0,-0.88,1705768960200.0,13600.0,380.925,2026-03-24,"Điện, nước & xăng dầu khí đốt",1.71,458
GHC,27600.0,0.36,-0.9,-3.16,1315485000000.0,29600.0,816.01,2026-03-24,"Điện, nước & xăng dầu khí đốt",1.32,459
SJD,13900.0,-0.36,-1.42,-0.71,959080818000.0,58400.0,812.535,2026-03-24,"Điện, nước & xăng dầu khí đốt",0.96,460
GSM,29000.0,1.05,0.0,-1.36,828298000000.0,10900.0,320.25,2026-03-24,"Điện, nước & xăng dầu khí đốt",0.83,461
PGC,13650.0,1.49,-2.85,-4.55,823677008700.0,52200.0,711.765,2026-03-24,"Điện, nước & xăng dầu khí đốt",0.82,462
KHP,10900.0,1.87,-2.24,-7.23,658425040300.0,14800.0,158.255,2026-03-24,"Điện, nước & xăng dầu khí đốt",0.66,463
BTP,8450.0,0.12,0.0,1.81,511103320000.0,36300.0,306.108,2026-03-24,"Điện, nước & xăng dầu khí đốt",0.51,464
HIO,7700.0,1.32,4.05,4.05,323400000000.0,14400.0,110.85,2026-03-24,"Điện, nước & xăng dầu khí đốt",0.32,465
PPT,15500.0,0.0,-0.64,2.65,304496306500.0,173400.0,2672.71,2026-03-24,"Điện, nước & xăng dầu khí đốt",0.3,466
PVG,6600.0,1.54,-1.49,-1.49,263990245200.0,73800.0,484.82,2026-03-24,"Điện, nước & xăng dầu khí đốt",0.26,467
ASP,4930.0,0.2,-1.4,4.67,184085849970.0,35900.0,176.044,2026-03-24,"Điện, nước & xăng dầu khí đốt",0.18,468
HPD,15800.0,-2.47,-2.47,-7.06,131244122000.0,29600.0,476.73,2026-03-24,"Điện, nước & xăng dầu khí đốt",0.13,469
POV,7600.0,-3.8,-2.56,-1.3,94997051200.0,13300.0,103.52,2026-03-24,"Điện, nước & xăng dầu khí đốt",0.09,470
TDG,2630.0,3.54,-1.5,-2.23,63675429700.0,59000.0,154.148,2026-03-24,"Điện, nước & xăng dầu khí đốt",0.06,471
