symbol,industry,year,roic,roe,roa,equity,invested_capital,total_assets,nopat,equity_billion,invested_capital_billion,total_assets_billion,nopat_billion,roic_pct,roe_pct,roa_pct
AAA,Hóa chất,2015,0.0284,0.0495,0.0207,819485268245,1429517828207,1954764678040.0,40548813597.0,819.49,1429.52,1954.76,40.55,2.84,4.95,2.07
AAA,Hóa chất,2016,0.0522,0.1497,0.0464,954752102324,2738126087860,3077615978737.0,142925017617.0,954.75,2738.13,3077.62,142.93,5.22,14.97,4.64
AAA,Hóa chất,2017,0.0658,0.1621,0.0576,1624970288622,4002583259208,4576157128799.0,263364105956.0,1624.97,4002.58,4576.16,263.36,6.58,16.21,5.76
AAA,Hóa chất,2018,0.0311,0.0712,0.0282,2980250148691,6815460731314,7529166722403.0,212148913561.0,2980.25,6815.46,7529.17,212.15,3.11,7.12,2.82
AAA,Hóa chất,2019,0.0699,0.1508,0.0615,3255238193170,7026834892322,7987454158531.0,491028872669.0,3255.24,7026.83,7987.45,491.03,6.99,15.08,6.15
AAA,Hóa chất,2020,0.0374,0.0704,0.0331,4024161975486,7584668092957,8569613917893.0,283372327664.0,4024.16,7584.67,8569.61,283.37,3.74,7.04,3.31
AAA,Hóa chất,2021,0.0366,0.0592,0.0322,5454381737050,8813560681010,10009526635291.0,322664325992.0,5454.38,8813.56,10009.53,322.66,3.66,5.92,3.22
AAA,Hóa chất,2022,0.0126,0.019,0.0109,6171185417465,9301375586455,10795832681712.0,117291267937.0,6171.19,9301.38,10795.83,117.29,1.26,1.9,1.09
AAA,Hóa chất,2023,0.0346,0.0518,0.0267,5963870940230,8948221025691,11583445505916.0,309193823134.0,5963.87,8948.22,11583.45,309.19,3.46,5.18,2.67
AAA,Hóa chất,2024,0.0316,0.0513,0.0232,6236273953200,10130750011053,13768215584455.0,319781840731.0,6236.27,10130.75,13768.22,319.78,3.16,5.13,2.32
AAA,Hóa chất,2025,0.0465,0.0697,0.0329,6079230359763,9110283672751,12891604733753.0,423921411857.0,6079.23,9110.28,12891.6,423.92,4.65,6.97,3.29
AAM,Thực phẩm và đồ uống,2015,0.0086,0.0103,0.008,249653265014,299619460267,321933766257.0,2563684319.0,249.65,299.62,321.93,2.56,0.86,1.03,0.8
AAM,Thực phẩm và đồ uống,2016,0.0064,0.0064,0.0061,244978414828,244978414828,257903768434.0,1569522682.0,244.98,244.98,257.9,1.57,0.64,0.64,0.61
AAM,Thực phẩm và đồ uống,2017,0.0047,0.0047,0.0045,240957002605,240957002605,251560593521.0,1131598086.0,240.96,240.96,251.56,1.13,0.47,0.47,0.45
AAM,Thực phẩm và đồ uống,2018,0.0453,0.0453,0.0417,211679054829,211679054829,229959036787.0,9591230681.0,211.68,211.68,229.96,9.59,4.53,4.53,4.17
AAM,Thực phẩm và đồ uống,2019,0.0393,0.0393,0.0365,211415416669,211415416669,227507959520.0,8308840156.0,211.42,211.42,227.51,8.31,3.93,3.93,3.65
AAM,Thực phẩm và đồ uống,2020,-0.0593,-0.0617,-0.0568,194101766212,201684893414,210819262649.0,-11966559457.0,194.1,201.68,210.82,-11.97,-5.93,-6.17,-5.68
AAM,Thực phẩm và đồ uống,2021,0.0012,0.0012,0.0011,194326489821,194326489821,201087507683.0,225510011.0,194.33,194.33,201.09,0.23,0.12,0.12,0.11
AAM,Thực phẩm và đồ uống,2022,0.0807,0.0807,0.0773,209536270522,209536270522,218579542224.0,16899756334.0,209.54,209.54,218.58,16.9,8.07,8.07,7.73
AAM,Thực phẩm và đồ uống,2023,0.0035,0.0035,0.0033,202635778918,202635778918,212857323705.0,703150885.0,202.64,202.64,212.86,0.7,0.35,0.35,0.33
AAM,Thực phẩm và đồ uống,2024,-0.0321,-0.0321,-0.0311,196340095186,196340095186,202353239327.0,-6295683732.0,196.34,196.34,202.35,-6.3,-3.21,-3.21,-3.11
AAM,Thực phẩm và đồ uống,2025,0.0093,0.0093,0.0092,198096775312,198096775312,201059637425.0,1849136974.0,198.1,198.1,201.06,1.85,0.93,0.93,0.92
AAS,Dịch vụ tài chính,2015,0.0044,0.0044,,14382600740,14382600740,,62744134.0,14.38,14.38,,0.06,0.44,0.44,
AAS,Dịch vụ tài chính,2016,0.0,0.0,,302393092878,302393092878,,10492138.0,302.39,302.39,,0.01,0.0,0.0,
AAS,Dịch vụ tài chính,2017,0.008,0.008,,304843964025,304843964025,,2450871147.0,304.84,304.84,,2.45,0.8,0.8,
AAS,Dịch vụ tài chính,2018,0.0704,0.0704,,324124703607,324124703607,,22819099440.0,324.12,324.12,,22.82,7.04,7.04,
AAS,Dịch vụ tài chính,2019,0.0559,0.0559,,341230900198,341230900198,,19089903614.0,341.23,341.23,,19.09,5.59,5.59,
AAS,Dịch vụ tài chính,2020,0.0093,0.0096,,346537705538,357154372201,,3323098317.0,346.54,357.15,,3.32,0.93,0.96,
AAS,Dịch vụ tài chính,2021,0.3109,0.311,,1214279934174,1214896600833,,377696840459.0,1214.28,1214.9,,377.7,31.09,31.1,
AAS,Dịch vụ tài chính,2022,0.1674,0.208,,1533187629366,1904999216190,,318907695192.0,1533.19,1905.0,,318.91,16.74,20.8,
AAS,Dịch vụ tài chính,2023,0.0259,0.0359,,2420065069587,3361208516191,,86939040221.0,2420.07,3361.21,,86.94,2.59,3.59,
AAS,Dịch vụ tài chính,2024,0.0152,0.0295,,2493342479521,4835136127135,,73661409934.0,2493.34,4835.14,,73.66,1.52,2.95,
AAS,Dịch vụ tài chính,2025,0.0401,0.0621,,2657971431869,4116084606212,,165012952348.0,2657.97,4116.08,,165.01,4.01,6.21,
AAT,Hàng cá nhân & Gia dụng,2015,0.0014,0.0019,0.0012,370009076844,508342252639,609115395915.0,711763447.0,370.01,508.34,609.12,0.71,0.14,0.19,0.12
AAT,Hàng cá nhân & Gia dụng,2016,0.0003,0.0004,0.0002,365941954736,545347133084,615237376870.0,150115366.0,365.94,545.35,615.24,0.15,0.03,0.04,0.02
AAT,Hàng cá nhân & Gia dụng,2017,0.0027,0.0041,0.0025,365758024555,561869200772,610272186883.0,1514265452.0,365.76,561.87,610.27,1.51,0.27,0.41,0.25
AAT,Hàng cá nhân & Gia dụng,2018,0.0438,0.0616,0.0404,389747986631,548192831780,593245038424.0,23989962076.0,389.75,548.19,593.25,23.99,4.38,6.16,4.04
AAT,Hàng cá nhân & Gia dụng,2019,0.0386,0.0512,0.035,413236098328,547820736010,604091935016.0,21147090793.0,413.24,547.82,604.09,21.15,3.86,5.12,3.5
AAT,Hàng cá nhân & Gia dụng,2020,0.0,0.0,0.0,425632334792,538391329486,580490660538.0,0.0,425.63,538.39,580.49,0.0,0.0,0.0,0.0
AAT,Hàng cá nhân & Gia dụng,2021,0.0325,0.0431,0.0295,668736814476,886438267364,976612415331.0,28813656259.0,668.74,886.44,976.61,28.81,3.25,4.31,2.95
AAT,Hàng cá nhân & Gia dụng,2022,0.0924,0.1217,0.0845,731482064342,963669072921,1053445887828.0,89028136264.0,731.48,963.67,1053.45,89.03,9.24,12.17,8.45
AAT,Hàng cá nhân & Gia dụng,2023,-0.0027,-0.0035,-0.0024,707621123065,920855926477,1011341063201.0,-2466576299.0,707.62,920.86,1011.34,-2.47,-0.27,-0.35,-0.24
AAT,Hàng cá nhân & Gia dụng,2024,-0.0076,-0.0115,-0.0062,725391981586,1093203531956,1334267673045.0,-8311081313.0,725.39,1093.2,1334.27,-8.31,-0.76,-1.15,-0.62
AAT,Hàng cá nhân & Gia dụng,2025,0.0189,0.0296,0.0153,764543328061,1200211417648,1476082020585.0,22649099076.0,764.54,1200.21,1476.08,22.65,1.89,2.96,1.53
AAV,Bất động sản,2015,0.0075,0.0613,0.0054,24252648198,199421349920,273676085929.0,1486400926.0,24.25,199.42,273.68,1.49,0.75,6.13,0.54
AAV,Bất động sản,2016,0.0551,0.0976,0.043,157312455001,278472638216,357029033633.0,15352511033.0,157.31,278.47,357.03,15.35,5.51,9.76,4.3
AAV,Bất động sản,2017,0.0786,0.134,0.0602,166112553322,283156158717,369685784116.0,22254098321.0,166.11,283.16,369.69,22.25,7.86,13.4,6.02
AAV,Bất động sản,2018,0.1208,0.185,0.0942,198710766800,304292960983,390152649178.0,36765880123.0,198.71,304.29,390.15,36.77,12.08,18.5,9.42
AAV,Bất động sản,2019,0.0615,0.0826,0.0523,373094271992,500845796653,588735324161.0,30804265918.0,373.09,500.85,588.74,30.8,6.15,8.26,5.23
AAV,Bất động sản,2020,0.0273,0.0371,0.0239,387476564002,526793191557,600719705476.0,14382292012.0,387.48,526.79,600.72,14.38,2.73,3.71,2.39
AAV,Bất động sản,2021,0.0325,0.0374,0.0304,806780814611,929369630577,991979409314.0,30173648207.0,806.78,929.37,991.98,30.17,3.25,3.74,3.04
AAV,Bất động sản,2022,0.0035,0.0043,0.0033,809076035879,1003118276433,1079605282967.0,3516456338.0,809.08,1003.12,1079.61,3.52,0.35,0.43,0.33
AAV,Bất động sản,2023,-0.0202,-0.0222,-0.0189,779898572112,855951824532,918101485490.0,-17328079341.0,779.9,855.95,918.1,-17.33,-2.02,-2.22,-1.89
AAV,Bất động sản,2024,-0.0182,-0.0206,-0.0169,766217641706,866652441126,933947489471.0,-15755563834.0,766.22,866.65,933.95,-15.76,-1.82,-2.06,-1.69
AAV,Bất động sản,2025,-0.02,-0.0303,-0.0157,743620852607,1125088835027,1433204645250.0,-22496762297.0,743.62,1125.09,1433.2,-22.5,-2.0,-3.03,-1.57
ABB,Ngân hàng,2015,0.0064,0.0174,0.0014,5248159000000,14344335000000,64374686000000.0,91279000000.0,5248.16,14344.34,64374.69,91.28,0.64,1.74,0.14
ABB,Ngân hàng,2016,0.0132,0.0458,0.0033,5320490000000,18425754000000,74171503000000.0,243914000000.0,5320.49,18425.75,74171.5,243.91,1.32,4.58,0.33
ABB,Ngân hàng,2017,0.0221,0.0919,0.0058,5320490000000,22150728000000,84503069000000.0,488836000000.0,5320.49,22150.73,84503.07,488.84,2.21,9.19,0.58
ABB,Ngân hàng,2018,0.0488,0.1344,0.0079,5320490000000,14664467000000,89997891000000.0,714907000000.0,5320.49,14664.47,89997.89,714.91,4.88,13.44,0.79
ABB,Ngân hàng,2019,0.0446,0.1751,0.0098,5714107186363,22449054990299,102620423020242.0,1000675000000.0,5714.11,22449.05,102620.42,1000.68,4.46,17.51,0.98
ABB,Ngân hàng,2020,0.0347,0.1958,0.0096,5714108000000,32216809000000,116598358000000.0,1118576000000.0,5714.11,32216.81,116598.36,1118.58,3.47,19.58,0.96
ABB,Ngân hàng,2021,0.0453,0.2227,0.0129,7005272000000,34420317000000,120936804000000.0,1559978000000.0,7005.27,34420.32,120936.8,1559.98,4.53,22.27,1.29
ABB,Ngân hàng,2022,0.0429,0.1436,0.0104,9444744000000,31626026000000,130146645000000.0,1356730000000.0,9444.74,31626.03,130146.64,1356.73,4.29,14.36,1.04
ABB,Ngân hàng,2023,0.0115,0.0437,0.0028,10385641000000,39427128000000,162099173000000.0,453502000000.0,10385.64,39427.13,162099.17,453.5,1.15,4.37,0.28
ABB,Ngân hàng,2024,0.0104,0.0564,0.0033,10385641000000,56316480000000,176713113000000.0,585556000000.0,10385.64,56316.48,176713.11,585.56,1.04,5.64,0.33
ABB,Ngân hàng,2025,0.0681,0.2722,0.0128,10385641000000,41503749000000,220462815000000.0,2827245000000.0,10385.64,41503.75,220462.82,2827.24,6.81,27.22,1.28
ABI,Bảo hiểm,2015,0.1469,0.1469,,557040139288,557040139288,,81827543613.0,557.04,557.04,,81.83,14.69,14.69,
ABI,Bảo hiểm,2016,0.1847,0.1847,,601751102117,601751102117,,111148526045.0,601.75,601.75,,111.15,18.47,18.47,
ABI,Bảo hiểm,2017,0.1951,0.1951,,657771750203,657771750203,,128358178126.0,657.77,657.77,,128.36,19.51,19.51,
ABI,Bảo hiểm,2018,0.2295,0.2295,,748679730740,748679730740,,171798349932.0,748.68,748.68,,171.8,22.95,22.95,
ABI,Bảo hiểm,2019,0.2721,0.2721,,891176049939,891176049939,,242495520043.0,891.18,891.18,,242.5,27.21,27.21,
ABI,Bảo hiểm,2020,0.2804,0.2804,,1044879865616,1044879865616,,293019824842.0,1044.88,1044.88,,293.02,28.04,28.04,
ABI,Bảo hiểm,2021,0.2207,0.2207,,1234877919521,1234877919521,,272522170993.0,1234.88,1234.88,,272.52,22.07,22.07,
ABI,Bảo hiểm,2022,0.1593,0.1593,,1392611106446,1392611106446,,221798438057.0,1392.61,1392.61,,221.8,15.93,15.93,
ABI,Bảo hiểm,2023,0.1608,0.1608,,1532182536944,1532182536944,,246312160876.0,1532.18,1532.18,,246.31,16.08,16.08,
ABI,Bảo hiểm,2024,0.1329,0.1329,,1540816939283,1540816939283,,204717146978.0,1540.82,1540.82,,204.72,13.29,13.29,
ABI,Bảo hiểm,2025,0.1456,0.1456,,1757172117785,1757172117785,,255834995502.0,1757.17,1757.17,,255.83,14.56,14.56,
ABR,Hàng & Dịch vụ Công nghiệp,2015,0.0361,0.0364,0.0285,31136382708,31448042708,39856379433.0,1134086698.0,31.14,31.45,39.86,1.13,3.61,3.64,2.85
ABR,Hàng & Dịch vụ Công nghiệp,2016,0.0135,0.0135,0.0133,31562048628,31562048628,32074737822.0,425665920.0,31.56,31.56,32.07,0.43,1.35,1.35,1.33
ABR,Hàng & Dịch vụ Công nghiệp,2017,0.0217,0.0227,0.0199,33898038958,35500038958,38629869905.0,769413740.0,33.9,35.5,38.63,0.77,2.17,2.27,1.99
ABR,Hàng & Dịch vụ Công nghiệp,2018,0.0489,0.0518,0.048,33313379689,35293379689,35989674403.0,1726638600.0,33.31,35.29,35.99,1.73,4.89,5.18,4.8
ABR,Hàng & Dịch vụ Công nghiệp,2019,0.0397,0.0397,0.0325,211711785628,211711785628,258433508498.0,8398405939.0,211.71,211.71,258.43,8.4,3.97,3.97,3.25
ABR,Hàng & Dịch vụ Công nghiệp,2020,0.1022,0.1022,0.0836,235811912662,235811912662,288131089066.0,24100127034.0,235.81,235.81,288.13,24.1,10.22,10.22,8.36
ABR,Hàng & Dịch vụ Công nghiệp,2021,0.0756,0.0756,0.0618,255765164585,255765164585,312514908356.0,19324742565.0,255.77,255.77,312.51,19.32,7.56,7.56,6.18
ABR,Hàng & Dịch vụ Công nghiệp,2022,0.1031,0.1031,0.079,285155911041,285155911041,372182711927.0,29390746456.0,285.16,285.16,372.18,29.39,10.31,10.31,7.9
ABR,Hàng & Dịch vụ Công nghiệp,2023,0.098,0.098,0.0807,316138316256,316138316256,384081525372.0,30982405215.0,316.14,316.14,384.08,30.98,9.8,9.8,8.07
ABR,Hàng & Dịch vụ Công nghiệp,2024,0.0667,0.0667,0.0556,295876219437,295876219437,354781425043.0,19737903181.0,295.88,295.88,354.78,19.74,6.67,6.67,5.56
ABR,Hàng & Dịch vụ Công nghiệp,2025,0.067,0.067,0.0544,231381262609,231381262609,284923645031.0,15505043172.0,231.38,231.38,284.92,15.51,6.7,6.7,5.44
ABT,Thực phẩm và đồ uống,2015,0.127,0.169,0.1178,407492081623,542263138775,584655976826.0,68885003749.0,407.49,542.26,584.66,68.89,12.7,16.9,11.78
ABT,Thực phẩm và đồ uống,2016,0.0761,0.1147,0.0734,415706533927,626357895297,649276469260.0,47670539891.0,415.71,626.36,649.28,47.67,7.61,11.47,7.34
ABT,Thực phẩm và đồ uống,2017,0.046,0.0698,0.0445,404122206324,612929028844,634346217726.0,28224983257.0,404.12,612.93,634.35,28.22,4.6,6.98,4.45
ABT,Thực phẩm và đồ uống,2018,0.1334,0.159,0.1246,419677992812,500032949306,535545315630.0,66728981488.0,419.68,500.03,535.55,66.73,13.34,15.9,12.46
ABT,Thực phẩm và đồ uống,2019,0.0983,0.1179,0.0904,413141657575,495574448311,538461616877.0,48695389251.0,413.14,495.57,538.46,48.7,9.83,11.79,9.04
ABT,Thực phẩm và đồ uống,2020,0.0287,0.0353,0.0267,410683399132,504954905857,543675163240.0,14490867601.0,410.68,504.95,543.68,14.49,2.87,3.53,2.67
ABT,Thực phẩm và đồ uống,2021,0.0609,0.0786,0.0569,430092950926,554582135741,594273999072.0,33793208794.0,430.09,554.58,594.27,33.79,6.09,7.86,5.69
ABT,Thực phẩm và đồ uống,2022,0.1149,0.1365,0.1033,470891464340,559322123952,622539909687.0,64289101233.0,470.89,559.32,622.54,64.29,11.49,13.65,10.33
ABT,Thực phẩm và đồ uống,2023,0.1081,0.1301,0.0981,490819412613,590700801043,651384406231.0,63871593981.0,490.82,590.7,651.38,63.87,10.81,13.01,9.81
ABT,Thực phẩm và đồ uống,2024,0.1463,0.1804,0.1311,562594771986,693730017446,773847842386.0,101488892957.0,562.59,693.73,773.85,101.49,14.63,18.04,13.11
ABT,Thực phẩm và đồ uống,2025,0.1934,0.2332,0.1731,669468540973,806975226909,901752461863.0,156103664631.0,669.47,806.98,901.75,156.1,19.34,23.32,17.31
ACB,Ngân hàng,2015,0.0923,0.118,0.0051,8711240000000,11144570000000,201456985000000.0,1028232000000.0,8711.24,11144.57,201456.98,1028.23,9.23,11.8,0.51
ACB,Ngân hàng,2016,0.1211,0.1521,0.0057,8711240000000,10946355000000,233680877000000.0,1325174000000.0,8711.24,10946.36,233680.88,1325.17,12.11,15.21,0.57
ACB,Ngân hàng,2017,0.0845,0.2205,0.0074,9607514000000,25061260000000,284316123000000.0,2118131000000.0,9607.51,25061.26,284316.12,2118.13,8.45,22.05,0.74
ACB,Ngân hàng,2018,0.156,0.4204,0.0156,12220152000000,32938534000000,329333241000000.0,5137052000000.0,12220.15,32938.53,329333.24,5137.05,15.6,42.04,1.56
ACB,Ngân hàng,2019,0.1667,0.3578,0.0157,16799171000000,36047743000000,383514439000000.0,6009937000000.0,16799.17,36047.74,383514.44,6009.94,16.67,35.78,1.57
ACB,Ngân hàng,2020,0.1679,0.351,0.0173,21887364000000,45762606000000,444530104000000.0,7682823000000.0,21887.36,45762.61,444530.1,7682.82,16.79,35.1,1.73
ACB,Ngân hàng,2021,0.1176,0.3519,0.0182,27291260000000,81685199000000,527769944000000.0,9602746000000.0,27291.26,81685.2,527769.94,9602.75,11.76,35.19,1.82
ACB,Ngân hàng,2022,0.1343,0.402,0.0225,34046130000000,101886970000000,607875185000000.0,13688193000000.0,34046.13,101886.97,607875.19,13688.19,13.43,40.2,2.25
ACB,Ngân hàng,2023,0.1247,0.4102,0.0223,39112283000000,128618945000000,718794589000000.0,16044733000000.0,39112.28,128618.94,718794.59,16044.73,12.47,41.02,2.23
ACB,Ngân hàng,2024,0.1073,0.3736,0.0194,44938358000000,156530026000000,864005703000000.0,16789768000000.0,44938.36,156530.03,864005.7,16789.77,10.73,37.36,1.94
ACB,Ngân hàng,2025,0.0756,0.3026,0.0152,51638345000000,206637884000000,1025850127000000.0,15624699000000.0,51638.34,206637.88,1025850.13,15624.7,7.56,30.26,1.52
ACC,Xây dựng và Vật liệu,2015,0.1648,0.1749,0.1179,230871896242,245059093982,342567797425.0,40374563379.0,230.87,245.06,342.57,40.37,16.48,17.49,11.79
ACC,Xây dựng và Vật liệu,2016,0.1907,0.2054,0.1412,221324026528,238388695552,322039408163.0,45470580147.0,221.32,238.39,322.04,45.47,19.07,20.54,14.12
ACC,Xây dựng và Vật liệu,2017,0.1061,0.1181,0.0793,223570753174,248896935329,332878814018.0,26403430478.0,223.57,248.9,332.88,26.4,10.61,11.81,7.93
ACC,Xây dựng và Vật liệu,2018,0.1374,0.1434,0.0907,231978573373,242219221595,367048564435.0,33274982048.0,231.98,242.22,367.05,33.27,13.74,14.34,9.07
ACC,Xây dựng và Vật liệu,2019,0.1357,0.182,0.0918,252041877710,337849714813,499548597907.0,45862526564.0,252.04,337.85,499.55,45.86,13.57,18.2,9.18
ACC,Xây dựng và Vật liệu,2020,0.0875,0.1297,0.0626,506567161938,751376351714,1049885213304.0,65714233910.0,506.57,751.38,1049.89,65.71,8.75,12.97,6.26
ACC,Xây dựng và Vật liệu,2021,0.0368,0.081,0.0327,475085989877,1046654328145,1175563025601.0,38497402252.0,475.09,1046.65,1175.56,38.5,3.68,8.1,3.27
ACC,Xây dựng và Vật liệu,2022,0.0441,0.0671,0.0389,1216128356897,1851665913654,2099774620511.0,81593658179.0,1216.13,1851.67,2099.77,81.59,4.41,6.71,3.89
ACC,Xây dựng và Vật liệu,2023,0.0341,0.0546,0.0298,1285040813541,2054922383887,2352042742360.0,70154709497.0,1285.04,2054.92,2352.04,70.15,3.41,5.46,2.98
ACC,Xây dựng và Vật liệu,2024,0.0256,0.0393,0.0176,1336516247251,2053158699184,2987376803268.0,52511515029.0,1336.52,2053.16,2987.38,52.51,2.56,3.93,1.76
ACC,Xây dựng và Vật liệu,2025,0.0218,0.038,0.0187,1388553426688,2420048247129,2819289230667.0,52816552512.0,1388.55,2420.05,2819.29,52.82,2.18,3.8,1.87
ACL,Thực phẩm và đồ uống,2015,0.0258,0.097,0.0241,300321319243,1130579094820,1209724617670.0,29132663973.0,300.32,1130.58,1209.72,29.13,2.58,9.7,2.41
ACL,Thực phẩm và đồ uống,2016,0.0208,0.0667,0.0198,352384217550,1132517137942,1185062703460.0,23502703307.0,352.38,1132.52,1185.06,23.5,2.08,6.67,1.98
ACL,Thực phẩm và đồ uống,2017,0.0207,0.0577,0.0196,373962580207,1041066295920,1099634179516.0,21578362657.0,373.96,1041.07,1099.63,21.58,2.07,5.77,1.96
ACL,Thực phẩm và đồ uống,2018,0.1948,0.4123,0.1715,558763455914,1182820639976,1343377979470.0,230400225707.0,558.76,1182.82,1343.38,230.4,19.48,41.23,17.15
ACL,Thực phẩm và đồ uống,2019,0.1062,0.2119,0.0964,668871506956,1334909085059,1469552356540.0,141712527957.0,668.87,1334.91,1469.55,141.71,10.62,21.19,9.64
ACL,Thực phẩm và đồ uống,2020,0.0182,0.0413,0.0173,694980366241,1579451954671,1660133904438.0,28703894870.0,694.98,1579.45,1660.13,28.7,1.82,4.13,1.73
ACL,Thực phẩm và đồ uống,2021,0.0323,0.0596,0.0289,706452640437,1302435223995,1458179314834.0,42088175559.0,706.45,1302.44,1458.18,42.09,3.23,5.96,2.89
ACL,Thực phẩm và đồ uống,2022,0.0881,0.1431,0.0796,824400470522,1338249702147,1481370067070.0,117947830085.0,824.4,1338.25,1481.37,117.95,8.81,14.31,7.96
ACL,Thực phẩm và đồ uống,2023,0.0061,0.0123,0.0056,799141900684,1602132964132,1749180174427.0,9852743462.0,799.14,1602.13,1749.18,9.85,0.61,1.23,0.56
ACL,Thực phẩm và đồ uống,2024,0.007,0.0133,0.0065,809907143865,1546657169628,1663984592012.0,10765243181.0,809.91,1546.66,1663.98,10.77,0.7,1.33,0.65
ACL,Thực phẩm và đồ uống,2025,0.0272,0.0453,0.0246,848333468797,1410414579735,1560534032035.0,38426324932.0,848.33,1410.41,1560.53,38.43,2.72,4.53,2.46
ADC,Truyền thông,2015,0.1908,0.1971,0.08,33261894876,34361894876,81935646350.0,6556719262.0,33.26,34.36,81.94,6.56,19.08,19.71,8.0
ADC,Truyền thông,2016,0.1539,0.1599,0.0792,45399323942,47149327942,91678969798.0,7257172918.0,45.4,47.15,91.68,7.26,15.39,15.99,7.92
ADC,Truyền thông,2017,0.1913,0.1918,0.0858,49079160757,49225001757,109789631130.0,9415271399.0,49.08,49.23,109.79,9.42,19.13,19.18,8.58
ADC,Truyền thông,2018,0.189,0.189,0.085,52912412408,52912412408,117584604798.0,10000305931.0,52.91,52.91,117.58,10.0,18.9,18.9,8.5
ADC,Truyền thông,2019,0.1923,0.1923,0.0856,57562103716,57562103716,129325005331.0,11067512794.0,57.56,57.56,129.33,11.07,19.23,19.23,8.56
ADC,Truyền thông,2020,0.195,0.195,0.0899,63599879023,63599879023,137972937571.0,12401517567.0,63.6,63.6,137.97,12.4,19.5,19.5,8.99
ADC,Truyền thông,2021,0.1553,0.1553,0.0722,66893726417,66893726417,143816621765.0,10390276667.0,66.89,66.89,143.82,10.39,15.53,15.53,7.22
ADC,Truyền thông,2022,0.1817,0.1817,0.0812,72398754957,72398754957,161955513908.0,13152194273.0,72.4,72.4,161.96,13.15,18.17,18.17,8.12
ADC,Truyền thông,2023,0.1824,0.1824,0.0877,78033222272,78033222272,162247976401.0,14231810170.0,78.03,78.03,162.25,14.23,18.24,18.24,8.77
ADC,Truyền thông,2024,0.1678,0.1678,0.0798,83181898715,83181898715,174870723461.0,13961942478.0,83.18,83.18,174.87,13.96,16.78,16.78,7.98
ADC,Truyền thông,2025,0.1344,0.1344,0.0593,85977267927,85977267927,194696823865.0,11554661708.0,85.98,85.98,194.7,11.55,13.44,13.44,5.93
ADP,Xây dựng và Vật liệu,2015,0.3154,0.3613,0.231,145526492393,166711492393,227652741656.0,52584773426.0,145.53,166.71,227.65,52.58,31.54,36.13,23.1
ADP,Xây dựng và Vật liệu,2016,0.3766,0.4139,0.2878,202449116282,222529116282,291166001153.0,83802528889.0,202.45,222.53,291.17,83.8,37.66,41.39,28.78
ADP,Xây dựng và Vật liệu,2017,0.1909,0.2176,0.1523,217534519429,247993519429,310881339656.0,47341222547.0,217.53,247.99,310.88,47.34,19.09,21.76,15.23
ADP,Xây dựng và Vật liệu,2018,0.1326,0.1408,0.1077,219215653652,232775653652,286454253223.0,30864970823.0,219.22,232.78,286.45,30.86,13.26,14.08,10.77
ADP,Xây dựng và Vật liệu,2019,0.1701,0.1795,0.1414,230948346925,243798346925,293110901917.0,41458914075.0,230.95,243.8,293.11,41.46,17.01,17.95,14.14
ADP,Xây dựng và Vật liệu,2020,0.2837,0.2921,0.2377,268417692531,276337692531,329757569024.0,78398729204.0,268.42,276.34,329.76,78.4,28.37,29.21,23.77
ADP,Xây dựng và Vật liệu,2021,0.1783,0.1783,0.1498,278065560969,278065560969,330930226485.0,49583636438.0,278.07,278.07,330.93,49.58,17.83,17.83,14.98
ADP,Xây dựng và Vật liệu,2022,0.146,0.146,0.1117,274335986648,274335986648,358503421432.0,40046140679.0,274.34,274.34,358.5,40.05,14.6,14.6,11.17
ADP,Xây dựng và Vật liệu,2023,0.2052,0.2052,0.1545,287190211888,287190211888,381328610120.0,58934029150.0,287.19,287.19,381.33,58.93,20.52,20.52,15.45
ADP,Xây dựng và Vật liệu,2024,0.3132,0.3132,0.2401,272364832388,272364832388,355389113643.0,85313983000.0,272.36,272.36,355.39,85.31,31.32,31.32,24.01
ADP,Xây dựng và Vật liệu,2025,0.2887,0.2887,0.2199,264885895004,264885895004,347641277188.0,76460537616.0,264.89,264.89,347.64,76.46,28.87,28.87,21.99
ADS,Hàng cá nhân & Gia dụng,2015,0.0133,0.0502,0.0111,234105611977,884769480331,1055684919466.0,11762337553.0,234.11,884.77,1055.68,11.76,1.33,5.02,1.11
ADS,Hàng cá nhân & Gia dụng,2016,0.035,0.1384,0.0281,256380235174,1014807869439,1265209664086.0,35493396636.0,256.38,1014.81,1265.21,35.49,3.5,13.84,2.81
ADS,Hàng cá nhân & Gia dụng,2017,0.0519,0.1459,0.0402,430828921245,1210687352238,1565131935741.0,62858760798.0,430.83,1210.69,1565.13,62.86,5.19,14.59,4.02
ADS,Hàng cá nhân & Gia dụng,2018,0.045,0.1249,0.033,451976486643,1253933070506,1712908182187.0,56440342614.0,451.98,1253.93,1712.91,56.44,4.5,12.49,3.3
ADS,Hàng cá nhân & Gia dụng,2019,0.0069,0.0205,0.0052,404962605143,1194616325418,1582635023567.0,8282329120.0,404.96,1194.62,1582.64,8.28,0.69,2.05,0.52
ADS,Hàng cá nhân & Gia dụng,2020,0.0227,0.0633,0.0147,426416001869,1190539628404,1839500398782.0,26999932127.0,426.42,1190.54,1839.5,27.0,2.27,6.33,1.47
ADS,Hàng cá nhân & Gia dụng,2021,0.0767,0.1721,0.0506,583902322656,1310848895546,1985168600052.0,100486275127.0,583.9,1310.85,1985.17,100.49,7.67,17.21,5.06
ADS,Hàng cá nhân & Gia dụng,2022,0.0525,0.1141,0.0344,657094970041,1428373446907,2181694751879.0,74943592882.0,657.09,1428.37,2181.69,74.94,5.25,11.41,3.44
ADS,Hàng cá nhân & Gia dụng,2023,0.0414,0.0817,0.03,918250792229,1810870313038,2503792256902.0,74990043518.0,918.25,1810.87,2503.79,74.99,4.14,8.17,3.0
ADS,Hàng cá nhân & Gia dụng,2024,0.0283,0.0576,0.0212,957321292334,1951144833260,2603845823236.0,55125782661.0,957.32,1951.14,2603.85,55.13,2.83,5.76,2.12
ADS,Hàng cá nhân & Gia dụng,2025,0.0545,0.1065,0.0433,1023027198524,1999178713826,2514471256883.0,108919361364.0,1023.03,1999.18,2514.47,108.92,5.45,10.65,4.33
AFX,Bán lẻ,2015,0.001,0.002,0.001,357740731800,696438563393,746071938141.0,718118152.0,357.74,696.44,746.07,0.72,0.1,0.2,0.1
AFX,Bán lẻ,2016,0.0162,0.0215,0.0143,348160294216,463694781669,523197809716.0,7495235410.0,348.16,463.69,523.2,7.5,1.62,2.15,1.43
AFX,Bán lẻ,2017,0.0602,0.0622,0.0572,371248778710,383314190608,403651066282.0,23088484494.0,371.25,383.31,403.65,23.09,6.02,6.22,5.72
AFX,Bán lẻ,2018,0.0128,0.0165,0.0121,364014249509,468769333667,495635311199.0,6021447620.0,364.01,468.77,495.64,6.02,1.28,1.65,1.21
AFX,Bán lẻ,2019,0.0003,0.0003,0.0003,358586185017,440294469167,473496735103.0,122519155.0,358.59,440.29,473.5,0.12,0.03,0.03,0.03
AFX,Bán lẻ,2020,0.0448,0.0483,0.0418,376770368633,406008871861,434561326366.0,18184672350.0,376.77,406.01,434.56,18.18,4.48,4.83,4.18
AFX,Bán lẻ,2021,0.0338,0.0528,0.0327,398502582562,622826047897,642471773141.0,21037984124.0,398.5,622.83,642.47,21.04,3.38,5.28,3.27
AFX,Bán lẻ,2022,0.0289,0.0673,0.0262,425226687783,989359472839,1094182874816.0,28626004427.0,425.23,989.36,1094.18,28.63,2.89,6.73,2.62
AFX,Bán lẻ,2023,0.0249,0.059,0.023,449743219775,1065250524597,1154993234978.0,26515832213.0,449.74,1065.25,1154.99,26.52,2.49,5.9,2.3
AFX,Bán lẻ,2024,0.0257,0.0589,0.014,475924934314,1090177421183,1994321476003.0,28011506150.0,475.92,1090.18,1994.32,28.01,2.57,5.89,1.4
AFX,Bán lẻ,2025,0.0376,0.0908,0.0301,521340063579,1259309227453,1570958754487.0,47319704573.0,521.34,1259.31,1570.96,47.32,3.76,9.08,3.01
AGF,Thực phẩm và đồ uống,2015,-0.0002,-0.0005,-0.0002,856848729710,1868032777404,2529832135552.0,-445505604.0,856.85,1868.03,2529.83,-0.45,-0.02,-0.05,-0.02
AGF,Thực phẩm và đồ uống,2016,0.0016,0.0033,0.0011,788901289897,1645757994627,2454311440067.0,2585464097.0,788.9,1645.76,2454.31,2.59,0.16,0.33,0.11
AGF,Thực phẩm và đồ uống,2017,-0.1319,-0.3114,-0.0904,601572053534,1420450602324,2072111657261.0,-187329236363.0,601.57,1420.45,2072.11,-187.33,-13.19,-31.14,-9.04
AGF,Thực phẩm và đồ uống,2018,-0.1805,-0.4206,-0.1449,423464705167,986560317470,1229047001127.0,-178107348367.0,423.46,986.56,1229.05,-178.11,-18.05,-42.06,-14.49
AGF,Thực phẩm và đồ uống,2019,-0.3114,-0.82,-0.2803,311723799874,820779309236,911810252186.0,-255624659005.0,311.72,820.78,911.81,-255.62,-31.14,-82.0,-28.03
AGF,Thực phẩm và đồ uống,2020,-0.0141,-0.0588,-0.0119,152422217362,634325817614,752616783535.0,-8957211415.0,152.42,634.33,752.62,-8.96,-1.41,-5.88,-1.19
AGF,Thực phẩm và đồ uống,2021,-0.2736,,-0.2148,-125877928967,337545554328,429950447381.0,-92357864904.0,-125.88,337.55,429.95,-92.36,-27.36,,-21.48
AGF,Thực phẩm và đồ uống,2022,-0.0731,,-0.058,-172668538321,265557324746,334484522639.0,-19416791505.0,-172.67,265.56,334.48,-19.42,-7.31,,-5.8
AGF,Thực phẩm và đồ uống,2023,-0.0271,,-0.0209,-178691539936,222430744116,288363579364.0,-6023001615.0,-178.69,222.43,288.36,-6.02,-2.71,,-2.09
AGF,Thực phẩm và đồ uống,2024,-0.0169,,-0.0124,-182181249534,206584728592,282144752767.0,-3489709598.0,-182.18,206.58,282.14,-3.49,-1.69,,-1.24
AGF,Thực phẩm và đồ uống,2025,-0.0151,,-0.01,-184730343432,168603381945,255274543773.0,-2549093898.0,-184.73,168.6,255.27,-2.55,-1.51,,-1.0
AGP,Y tế,2015,0.0743,0.1449,0.0644,92615459338,180598579695,208410553668.0,13417301558.0,92.62,180.6,208.41,13.42,7.43,14.49,6.44
AGP,Y tế,2016,0.1032,0.2189,0.0767,100456203311,213111152812,286493113891.0,21987485635.0,100.46,213.11,286.49,21.99,10.32,21.89,7.67
AGP,Y tế,2017,0.1104,0.1917,0.0851,152100194126,264117716119,342623142314.0,29160589148.0,152.1,264.12,342.62,29.16,11.04,19.17,8.51
AGP,Y tế,2018,0.0922,0.186,0.0696,174086610390,351421500084,465059250985.0,32387247390.0,174.09,351.42,465.06,32.39,9.22,18.6,6.96
AGP,Y tế,2019,0.0602,0.133,0.0523,213669110588,472217341711,542921962494.0,28411114408.0,213.67,472.22,542.92,28.41,6.02,13.3,5.23
AGP,Y tế,2020,0.0571,0.1336,0.0486,218023486679,509967617455,599211129803.0,29124935434.0,218.02,509.97,599.21,29.12,5.71,13.36,4.86
AGP,Y tế,2021,0.0598,0.1431,0.0495,232229592659,555407383124,670869624254.0,33226414373.0,232.23,555.41,670.87,33.23,5.98,14.31,4.95
AGP,Y tế,2022,0.0631,0.1366,0.0535,314167534002,679698461874,802439794390.0,42910272595.0,314.17,679.7,802.44,42.91,6.31,13.66,5.35
AGP,Y tế,2023,0.057,0.123,0.0486,354684336804,765559470537,897763414064.0,43612786683.0,354.68,765.56,897.76,43.61,5.7,12.3,4.86
AGP,Y tế,2024,0.0519,0.1223,0.0447,399859406479,941186228738,1094278885505.0,48889738710.0,399.86,941.19,1094.28,48.89,5.19,12.23,4.47
AGP,Y tế,2025,0.0478,0.1143,0.0381,454295382782,1086522240236,1363524498089.0,51916192915.0,454.3,1086.52,1363.52,51.92,4.78,11.43,3.81
ALT,Truyền thông,2015,0.0275,0.0295,0.0256,203638495966,218956219397,235192442147.0,6011381394.0,203.64,218.96,235.19,6.01,2.75,2.95,2.56
ALT,Truyền thông,2016,0.0277,0.0282,0.0258,205711095088,209309964488,224604123621.0,5795920627.0,205.71,209.31,224.6,5.8,2.77,2.82,2.58
ALT,Truyền thông,2017,0.0361,0.0368,0.0336,208981636682,212549392423,228319841394.0,7682732707.0,208.98,212.55,228.32,7.68,3.61,3.68,3.36
ALT,Truyền thông,2018,0.0339,0.0354,0.0298,211545328764,221188048739,251119236363.0,7494992753.0,211.55,221.19,251.12,7.49,3.39,3.54,2.98
ALT,Truyền thông,2019,0.0385,0.039,0.0344,215271724525,218040944590,244439330224.0,8401309085.0,215.27,218.04,244.44,8.4,3.85,3.9,3.44
ALT,Truyền thông,2020,0.0179,0.0197,0.0141,213858256520,235305492979,299686582606.0,4211315136.0,213.86,235.31,299.69,4.21,1.79,1.97,1.41
ALT,Truyền thông,2021,0.0221,0.0245,0.019,214980669081,237947074919,276575206242.0,5260993498.0,214.98,237.95,276.58,5.26,2.21,2.45,1.9
ALT,Truyền thông,2022,0.0372,0.043,0.0302,219261815277,253425879256,312303334849.0,9432070824.0,219.26,253.43,312.3,9.43,3.72,4.3,3.02
ALT,Truyền thông,2023,0.0272,0.0318,0.0215,220544546183,257736399795,326741213834.0,7019439906.0,220.54,257.74,326.74,7.02,2.72,3.18,2.15
ALT,Truyền thông,2024,0.0128,0.0147,0.0088,214882715765,246929643471,358177591771.0,3164682460.0,214.88,246.93,358.18,3.16,1.28,1.47,0.88
ALT,Truyền thông,2025,0.0352,0.0443,0.0275,220296396533,277513301211,354946462761.0,9764726047.0,220.3,277.51,354.95,9.76,3.52,4.43,2.75
AMC,Tài nguyên Cơ bản,2015,0.1772,0.2511,0.1358,48821621294,69197033529,90261812235.0,12260889479.0,48.82,69.2,90.26,12.26,17.72,25.11,13.58
AMC,Tài nguyên Cơ bản,2016,0.2062,0.2531,0.1499,49965383089,61315919269,84342487556.0,12644850743.0,49.97,61.32,84.34,12.64,20.62,25.31,14.99
AMC,Tài nguyên Cơ bản,2017,0.1813,0.2389,0.1362,50484205549,66505453383,88534757734.0,12058307535.0,50.48,66.51,88.53,12.06,18.13,23.89,13.62
AMC,Tài nguyên Cơ bản,2018,0.1791,0.2299,0.1255,46927985800,60240033326,85953800125.0,10789753017.0,46.93,60.24,85.95,10.79,17.91,22.99,12.55
AMC,Tài nguyên Cơ bản,2019,0.1375,0.1842,0.0982,49331459279,66087355835,92497660629.0,9085934580.0,49.33,66.09,92.5,9.09,13.75,18.42,9.82
AMC,Tài nguyên Cơ bản,2020,0.1166,0.1523,0.0796,50042861372,65374736622,95732603127.0,7619995551.0,50.04,65.37,95.73,7.62,11.66,15.23,7.96
AMC,Tài nguyên Cơ bản,2021,0.1134,0.1406,0.0828,50359907789,62417359789,85504247036.0,7079045972.0,50.36,62.42,85.5,7.08,11.34,14.06,8.28
AMC,Tài nguyên Cơ bản,2022,0.1219,0.1265,0.0844,49971474961,51822474961,74875430215.0,6319471769.0,49.97,51.82,74.88,6.32,12.19,12.65,8.44
AMC,Tài nguyên Cơ bản,2023,0.1233,0.1257,0.0821,51193007345,52208007345,78361908165.0,6436466355.0,51.19,52.21,78.36,6.44,12.33,12.57,8.21
AMC,Tài nguyên Cơ bản,2024,0.0921,0.117,0.0606,52881314110,67143508138,102075915653.0,6186953400.0,52.88,67.14,102.08,6.19,9.21,11.7,6.06
AMC,Tài nguyên Cơ bản,2025,0.0879,0.1172,0.0607,54833014819,73058838466,105830669637.0,6425396049.0,54.83,73.06,105.83,6.43,8.79,11.72,6.07
AME,Hàng & Dịch vụ Công nghiệp,2015,0.0074,0.0097,0.0034,134088679976,175645455626,381479227233.0,1304180083.0,134.09,175.65,381.48,1.3,0.74,0.97,0.34
AME,Hàng & Dịch vụ Công nghiệp,2016,0.0121,0.0163,0.005,136308779296,183262729281,447336726251.0,2220099320.0,136.31,183.26,447.34,2.22,1.21,1.63,0.5
AME,Hàng & Dịch vụ Công nghiệp,2017,0.0418,0.0813,0.0227,148365858106,288469837894,530851261032.0,12057078810.0,148.37,288.47,530.85,12.06,4.18,8.13,2.27
AME,Hàng & Dịch vụ Công nghiệp,2018,0.0508,0.1118,0.0276,167050052521,367654551935,676551611584.0,18684194415.0,167.05,367.65,676.55,18.68,5.08,11.18,2.76
AME,Hàng & Dịch vụ Công nghiệp,2019,0.0238,0.0625,0.0173,304346882493,797450705587,1098555377868.0,19010025005.0,304.35,797.45,1098.56,19.01,2.38,6.25,1.73
AME,Hàng & Dịch vụ Công nghiệp,2020,0.0254,0.0646,0.0101,326215314578,827855474949,2076683235620.0,21067369893.0,326.22,827.86,2076.68,21.07,2.54,6.46,1.01
AME,Hàng & Dịch vụ Công nghiệp,2021,0.0203,0.0606,0.0072,345048564254,1027897664906,2903269526862.0,20908368841.0,345.05,1027.9,2903.27,20.91,2.03,6.06,0.72
AME,Hàng & Dịch vụ Công nghiệp,2022,0.0156,0.0272,0.0097,765699844371,1339146723777,2145254708075.0,20845680117.0,765.7,1339.15,2145.25,20.85,1.56,2.72,0.97
AME,Hàng & Dịch vụ Công nghiệp,2023,0.0118,0.0269,0.0084,786897399362,1794519791355,2516041909541.0,21197554991.0,786.9,1794.52,2516.04,21.2,1.18,2.69,0.84
AME,Hàng & Dịch vụ Công nghiệp,2024,0.0107,0.0261,0.0072,870909381020,2128454155568,3174679677683.0,22705683635.0,870.91,2128.45,3174.68,22.71,1.07,2.61,0.72
AME,Hàng & Dịch vụ Công nghiệp,2025,0.0151,0.0449,0.0105,912649766085,2715493822247,3901781682884.0,40943002886.0,912.65,2715.49,3901.78,40.94,1.51,4.49,1.05
AMS,Hàng & Dịch vụ Công nghiệp,2015,0.0198,0.08,0.0123,130505751941,526389286870,847722239161.0,10444402876.0,130.51,526.39,847.72,10.44,1.98,8.0,1.23
AMS,Hàng & Dịch vụ Công nghiệp,2016,0.0317,0.0968,0.0232,179164628474,546325795781,746833903478.0,17338760204.0,179.16,546.33,746.83,17.34,3.17,9.68,2.32
AMS,Hàng & Dịch vụ Công nghiệp,2017,0.0172,0.0605,0.0119,182304436197,640073950437,930323341118.0,11027385076.0,182.3,640.07,930.32,11.03,1.72,6.05,1.19
AMS,Hàng & Dịch vụ Công nghiệp,2018,0.0286,0.0686,0.0186,361211783313,866070591340,1333176276294.0,24772785639.0,361.21,866.07,1333.18,24.77,2.86,6.86,1.86
AMS,Hàng & Dịch vụ Công nghiệp,2019,0.0256,0.0706,0.0145,412375620744,1136630895896,2009253303929.0,29112739078.0,412.38,1136.63,2009.25,29.11,2.56,7.06,1.45
AMS,Hàng & Dịch vụ Công nghiệp,2020,0.0386,0.1083,0.0207,431366081722,1210582118881,2252428576716.0,46713677335.0,431.37,1210.58,2252.43,46.71,3.86,10.83,2.07
AMS,Hàng & Dịch vụ Công nghiệp,2021,0.0331,0.0849,0.0183,467722458591,1199046466109,2166253235505.0,39727195075.0,467.72,1199.05,2166.25,39.73,3.31,8.49,1.83
AMS,Hàng & Dịch vụ Công nghiệp,2022,0.0313,0.0888,0.0163,512351622005,1452524783527,2794297971729.0,45493031926.0,512.35,1452.52,2794.3,45.49,3.13,8.88,1.63
AMS,Hàng & Dịch vụ Công nghiệp,2023,0.0237,0.0667,0.0155,787092464419,2211622721335,3382281060411.0,52492574602.0,787.09,2211.62,3382.28,52.49,2.37,6.67,1.55
AMS,Hàng & Dịch vụ Công nghiệp,2024,0.025,0.068,0.0168,809342568504,2204173016897,3278475528965.0,55040842180.0,809.34,2204.17,3278.48,55.04,2.5,6.8,1.68
AMS,Hàng & Dịch vụ Công nghiệp,2025,0.0241,0.0688,0.0149,864321428190,2469963367991,3998828263458.0,59469064459.0,864.32,2469.96,3998.83,59.47,2.41,6.88,1.49
AMV,Y tế,2015,-0.0307,-0.0582,-0.0299,11236230483,21280944614,21911476112.0,-654065413.0,11.24,21.28,21.91,-0.65,-3.07,-5.82,-2.99
AMV,Y tế,2016,0.0436,0.0673,0.0397,12047616066,18625186806,20420984013.0,811385583.0,12.05,18.63,20.42,0.81,4.36,6.73,3.97
AMV,Y tế,2017,0.1019,0.1114,0.0943,351428569942,383997296842,415285986082.0,39145953876.0,351.43,384.0,415.29,39.15,10.19,11.14,9.43
AMV,Y tế,2018,0.3747,0.385,0.3368,570138299439,585717271339,651685709040.0,219475673052.0,570.14,585.72,651.69,219.48,37.47,38.5,33.68
AMV,Y tế,2019,0.2793,0.2976,0.269,753740101358,803122037258,834094144359.0,224344936184.0,753.74,803.12,834.09,224.34,27.93,29.76,26.9
AMV,Y tế,2020,0.0924,0.0985,0.0882,812538598932,866283770176,907926606915.0,80051441880.0,812.54,866.28,907.93,80.05,9.24,9.85,8.82
AMV,Y tế,2021,0.0561,0.0645,0.0512,1214231568132,1396714960223,1530038654927.0,78311799010.0,1214.23,1396.71,1530.04,78.31,5.61,6.45,5.12
AMV,Y tế,2022,0.0305,0.0336,0.0282,1676780087184,1847298844962,2001913072424.0,56413002627.0,1676.78,1847.3,2001.91,56.41,3.05,3.36,2.82
AMV,Y tế,2023,0.0075,0.0082,0.007,1690082836325,1856845582612,1972918304693.0,13850571354.0,1690.08,1856.85,1972.92,13.85,0.75,0.82,0.7
AMV,Y tế,2024,-0.0071,-0.0078,-0.0067,1672709810324,1827334906151,1955640634757.0,-13065198309.0,1672.71,1827.33,1955.64,-13.07,-0.71,-0.78,-0.67
AMV,Y tế,2025,-0.0308,-0.0337,-0.0286,1619380790087,1769006885914,1905760203871.0,-54503718617.0,1619.38,1769.01,1905.76,-54.5,-3.08,-3.37,-2.86
ANT,Thực phẩm và đồ uống,2015,0.061,0.1701,0.0465,68847783965,191896244451,251724933712.0,11707739387.0,68.85,191.9,251.72,11.71,6.1,17.01,4.65
ANT,Thực phẩm và đồ uống,2016,0.0196,0.0649,0.0172,69706113286,230905865599,263305494015.0,4522451917.0,69.71,230.91,263.31,4.52,1.96,6.49,1.72
ANT,Thực phẩm và đồ uống,2017,-0.0835,-0.3957,-0.0732,47064368284,222979359078,254541844411.0,-18621745002.0,47.06,222.98,254.54,-18.62,-8.35,-39.57,-7.32
ANT,Thực phẩm và đồ uống,2018,0.0073,0.0273,0.006,48386602096,182358372325,219151683483.0,1322233812.0,48.39,182.36,219.15,1.32,0.73,2.73,0.6
ANT,Thực phẩm và đồ uống,2019,0.0278,0.1082,0.0234,54259457271,211275492228,250606666354.0,5872855175.0,54.26,211.28,250.61,5.87,2.78,10.82,2.34
ANT,Thực phẩm và đồ uống,2020,0.0523,0.1838,0.0447,66476470471,233598867015,273336851884.0,12217013200.0,66.48,233.6,273.34,12.22,5.23,18.38,4.47
ANT,Thực phẩm và đồ uống,2021,0.0476,0.1005,0.04,95802391462,202420304642,240412873191.0,9625920991.0,95.8,202.42,240.41,9.63,4.76,10.05,4.0
ANT,Thực phẩm và đồ uống,2022,0.1065,0.2687,0.0871,131009715771,330506820502,404195980532.0,35207324309.0,131.01,330.51,404.2,35.21,10.65,26.87,8.71
ANT,Thực phẩm và đồ uống,2023,0.0146,0.0441,0.0128,228182707080,690763092149,786606941988.0,10060501241.0,228.18,690.76,786.61,10.06,1.46,4.41,1.28
ANT,Thực phẩm và đồ uống,2024,0.0716,0.2441,0.0602,301876273247,1029861030569,1223555979021.0,73693566167.0,301.88,1029.86,1223.56,73.69,7.16,24.41,6.02
ANT,Thực phẩm và đồ uống,2025,0.0986,0.2705,0.09,477740874741,1311334741140,1436567544074.0,129244424918.0,477.74,1311.33,1436.57,129.24,9.86,27.05,9.0
ANV,Thực phẩm và đồ uống,2015,0.0005,0.0012,0.0005,1295775296774,2937733080431,3274071894858.0,1590855243.0,1295.78,2937.73,3274.07,1.59,0.05,0.12,0.05
ANV,Thực phẩm và đồ uống,2016,0.005,0.0103,0.0045,1309007708330,2692860364016,3017825874648.0,13432411556.0,1309.01,2692.86,3017.83,13.43,0.5,1.03,0.45
ANV,Thực phẩm và đồ uống,2017,0.0577,0.1033,0.0533,1393962155297,2495272182979,2702314771797.0,143999171967.0,1393.96,2495.27,2702.31,144.0,5.77,10.33,5.33
ANV,Thực phẩm và đồ uống,2018,0.1944,0.3269,0.1764,1847982700757,3108638343237,3425068628722.0,604167404298.0,1847.98,3108.64,3425.07,604.17,19.44,32.69,17.64
ANV,Thực phẩm và đồ uống,2019,0.1902,0.2951,0.1703,2386064491291,3701369678170,4134443606615.0,704044374234.0,2386.06,3701.37,4134.44,704.04,19.02,29.51,17.03
ANV,Thực phẩm và đồ uống,2020,0.0484,0.0865,0.0418,2333733882693,4174237003104,4834079659323.0,201929870202.0,2333.73,4174.24,4834.08,201.93,4.84,8.65,4.18
ANV,Thực phẩm và đồ uống,2021,0.0294,0.0551,0.0263,2335585626152,4383357403863,4887179840940.0,128739197732.0,2335.59,4383.36,4887.18,128.74,2.94,5.51,2.63
ANV,Thực phẩm và đồ uống,2022,0.1402,0.2338,0.1232,2882202985499,4804244193664,5467653137750.0,673745234347.0,2882.2,4804.24,5467.65,673.75,14.02,23.38,12.32
ANV,Thực phẩm và đồ uống,2023,0.0082,0.0138,0.0077,2847866755609,4776440073069,5112670123139.0,39191645110.0,2847.87,4776.44,5112.67,39.19,0.82,1.38,0.77
ANV,Thực phẩm và đồ uống,2024,0.0106,0.0171,0.0098,2796693826269,4531724152532,4862270517905.0,47832173647.0,2796.69,4531.72,4862.27,47.83,1.06,1.71,0.98
ANV,Thực phẩm và đồ uống,2025,0.1929,0.2834,0.1716,3526868707406,5180332678364,5824715466874.0,999477864573.0,3526.87,5180.33,5824.72,999.48,19.29,28.34,17.16
APC,Y tế,2015,0.1262,0.1435,0.1172,190220169515,216331438454,232920880672.0,27296732538.0,190.22,216.33,232.92,27.3,12.62,14.35,11.72
APC,Y tế,2016,0.1835,0.19,0.1688,217781214498,225446255880,245045466654.0,41373826073.0,217.78,225.45,245.05,41.37,18.35,19.0,16.88
APC,Y tế,2017,0.2417,0.2449,0.2204,270779624449,274369576831,300790140250.0,66303718992.0,270.78,274.37,300.79,66.3,24.17,24.49,22.04
APC,Y tế,2018,0.2188,0.2188,0.2004,339971369202,339971369202,371228076139.0,74399725541.0,339.97,339.97,371.23,74.4,21.88,21.88,20.04
APC,Y tế,2019,0.0575,0.0932,0.0545,600369579143,972870059520,1026105763105.0,55970793838.0,600.37,972.87,1026.11,55.97,5.75,9.32,5.45
APC,Y tế,2020,0.0464,0.0708,0.0448,639796145999,976373254881,1012747721484.0,45328618073.0,639.8,976.37,1012.75,45.33,4.64,7.08,4.48
APC,Y tế,2021,-0.0016,-0.0025,-0.0016,635257068519,971834177401,999849947592.0,-1595270215.0,635.26,971.83,999.85,-1.6,-0.16,-0.25,-0.16
APC,Y tế,2022,-0.0095,-0.0144,-0.0092,626249976964,947627085846,973918540819.0,-9007091555.0,626.25,947.63,973.92,-9.01,-0.95,-1.44,-0.92
APC,Y tế,2023,-0.0413,-0.0603,-0.04,590640920603,862861047788,890474467592.0,-35609056361.0,590.64,862.86,890.47,-35.61,-4.13,-6.03,-4.0
APC,Y tế,2024,-0.0267,-0.0366,-0.0256,569781041832,781558150714,814192568056.0,-20859878771.0,569.78,781.56,814.19,-20.86,-2.67,-3.66,-2.56
APC,Y tế,2025,-0.0377,-0.0495,-0.036,542917604178,712584260178,746262618647.0,-26863437654.0,542.92,712.58,746.26,-26.86,-3.77,-4.95,-3.6
APF,Thực phẩm và đồ uống,2015,0.069,0.2324,0.0645,445231069602,1499860546981,1604644788428.0,103480436927.0,445.23,1499.86,1604.64,103.48,6.9,23.24,6.45
APF,Thực phẩm và đồ uống,2016,0.0428,0.1857,0.0405,424794318489,1841553411569,1947406161911.0,78886647559.0,424.79,1841.55,1947.41,78.89,4.28,18.57,4.05
APF,Thực phẩm và đồ uống,2017,0.0431,0.1529,0.041,539543144475,1912771997973,2009957867307.0,82476633394.0,539.54,1912.77,2009.96,82.48,4.31,15.29,4.1
APF,Thực phẩm và đồ uống,2018,0.0511,0.1714,0.0487,574779078963,1926056363746,2023285769302.0,98499931676.0,574.78,1926.06,2023.29,98.5,5.11,17.14,4.87
APF,Thực phẩm và đồ uống,2019,0.0418,0.1456,0.0397,623084922500,2169427337180,2284517206509.0,90702192202.0,623.08,2169.43,2284.52,90.7,4.18,14.56,3.97
APF,Thực phẩm và đồ uống,2020,0.1174,0.2948,0.1089,794521227138,1996191185577,2151298284060.0,234262014593.0,794.52,1996.19,2151.3,234.26,11.74,29.48,10.89
APF,Thực phẩm và đồ uống,2021,0.0775,0.224,0.0727,815128070591,2356617775885,2510309332256.0,182601714636.0,815.13,2356.62,2510.31,182.6,7.75,22.4,7.27
APF,Thực phẩm và đồ uống,2022,0.1427,0.3709,0.1289,1090690408566,2834080951924,3139186762617.0,404564301513.0,1090.69,2834.08,3139.19,404.56,14.27,37.09,12.89
APF,Thực phẩm và đồ uống,2023,0.065,0.1639,0.0573,1108194015584,2795369657146,3168130173092.0,181684745055.0,1108.19,2795.37,3168.13,181.68,6.5,16.39,5.73
APF,Thực phẩm và đồ uống,2024,0.0497,0.1359,0.0457,1148279111387,3142051315419,3410662128239.0,156034258176.0,1148.28,3142.05,3410.66,156.03,4.97,13.59,4.57
APF,Thực phẩm và đồ uống,2025,0.0551,0.1292,0.0491,1259971173703,2953693325992,3311833167574.0,162737205076.0,1259.97,2953.69,3311.83,162.74,5.51,12.92,4.91
APG,Dịch vụ tài chính,2015,0.1781,0.1781,,136272970734,136272970734,,24266358919.0,136.27,136.27,,24.27,17.81,17.81,
APG,Dịch vụ tài chính,2016,0.0009,0.0009,,136396974238,136396974238,,124003504.0,136.4,136.4,,0.12,0.09,0.09,
APG,Dịch vụ tài chính,2017,0.0573,0.0573,,144679983373,144679983373,,8283009135.0,144.68,144.68,,8.28,5.73,5.73,
APG,Dịch vụ tài chính,2018,0.05,0.05,,145483799108,145483799108,,7281317735.0,145.48,145.48,,7.28,5.0,5.0,
APG,Dịch vụ tài chính,2019,0.0638,0.0638,,374198637303,374198637303,,23880690281.0,374.2,374.2,,23.88,6.38,6.38,
APG,Dịch vụ tài chính,2020,0.0645,0.0645,,401371761486,401371761486,,25901175828.0,401.37,401.37,,25.9,6.45,6.45,
APG,Dịch vụ tài chính,2021,0.2637,0.2663,,1008190895201,1017990895201,,268436656833.0,1008.19,1017.99,,268.44,26.37,26.63,
APG,Dịch vụ tài chính,2022,-0.1228,-0.1228,,1549440842394,1549440842394,,-190222982007.0,1549.44,1549.44,,-190.22,-12.28,-12.28,
APG,Dịch vụ tài chính,2023,0.0796,0.0796,,1762832943624,1762832943624,,140238801230.0,1762.83,1762.83,,140.24,7.96,7.96,
APG,Dịch vụ tài chính,2024,-0.0492,-0.0543,,2402347329307,2652347329305,,-130485614318.0,2402.35,2652.35,,-130.49,-4.92,-5.43,
APG,Dịch vụ tài chính,2025,0.001,0.0023,,2382337799773,5350868049773,,5461341162.0,2382.34,5350.87,,5.46,0.1,0.23,
API,Bất động sản,2015,0.0252,0.0262,0.0173,376935035528,390758401611,568745198802.0,9860527087.0,376.94,390.76,568.75,9.86,2.52,2.62,1.73
API,Bất động sản,2016,-0.0077,-0.0099,-0.0051,373250028309,479716267524,718621177669.0,-3685007219.0,373.25,479.72,718.62,-3.69,-0.77,-0.99,-0.51
API,Bất động sản,2017,0.1047,0.1297,0.0384,428858539482,531259170022,1446660623457.0,55608511173.0,428.86,531.26,1446.66,55.61,10.47,12.97,3.84
API,Bất động sản,2018,0.0406,0.0742,0.0202,468728455946,856823243831,1719182709142.0,34786528971.0,468.73,856.82,1719.18,34.79,4.06,7.42,2.02
API,Bất động sản,2019,0.0246,0.0489,0.0099,494420292012,984942896192,2432243089689.0,24181781362.0,494.42,984.94,2432.24,24.18,2.46,4.89,0.99
API,Bất động sản,2020,0.0498,0.1053,0.0196,542822499839,1147801321590,2913363057760.0,57174990526.0,542.82,1147.8,2913.36,57.17,4.98,10.53,1.96
API,Bất động sản,2021,0.135,0.2385,0.0707,845074835679,1492466551165,2850119782962.0,201527539068.0,845.07,1492.47,2850.12,201.53,13.5,23.85,7.07
API,Bất động sản,2022,0.0698,0.1231,0.0479,985156841992,1737137086922,2534357477223.0,121282006313.0,985.16,1737.14,2534.36,121.28,6.98,12.31,4.79
API,Bất động sản,2023,-0.033,-0.0578,-0.0235,931341654066,1631533382393,2285966274223.0,-53815187926.0,931.34,1631.53,2285.97,-53.82,-3.3,-5.78,-2.35
API,Bất động sản,2024,-0.0139,-0.0244,-0.0102,909334044431,1595562334762,2169582660887.0,-22157609635.0,909.33,1595.56,2169.58,-22.16,-1.39,-2.44,-1.02
API,Bất động sản,2025,0.0096,0.0173,0.0073,935380036478,1692090386244,2225242722111.0,16224492047.0,935.38,1692.09,2225.24,16.22,0.96,1.73,0.73
APS,Dịch vụ tài chính,2015,0.0179,0.0182,,360958680930,365958680930,,6555254402.0,360.96,365.96,,6.56,1.79,1.82,
APS,Dịch vụ tài chính,2016,0.0074,0.0074,,363663844122,363663844122,,2705163192.0,363.66,363.66,,2.71,0.74,0.74,
APS,Dịch vụ tài chính,2017,0.0276,0.0276,,375752750051,375752750051,,10354435678.0,375.75,375.75,,10.35,2.76,2.76,
APS,Dịch vụ tài chính,2018,0.0052,0.0052,,377718551583,377718551583,,1965801532.0,377.72,377.72,,1.97,0.52,0.52,
APS,Dịch vụ tài chính,2019,-0.1005,-0.1005,,342083074181,342083074181,,-34382685779.0,342.08,342.08,,-34.38,-10.05,-10.05,
APS,Dịch vụ tài chính,2020,0.142,0.142,,400171766063,400171766063,,56835900259.0,400.17,400.17,,56.84,14.2,14.2,
APS,Dịch vụ tài chính,2021,0.3989,0.3989,,1410230639441,1410230639441,,562596953375.0,1410.23,1410.23,,562.6,39.89,39.89,
APS,Dịch vụ tài chính,2022,-0.4672,-0.4672,,961182320662,961182320662,,-449048318779.0,961.18,961.18,,-449.05,-46.72,-46.72,
APS,Dịch vụ tài chính,2023,-0.2303,-0.2303,,781263698921,781263698921,,-179918621741.0,781.26,781.26,,-179.92,-23.03,-23.03,
APS,Dịch vụ tài chính,2024,0.0271,0.0271,,803046540437,803046540437,,21782841515.0,803.05,803.05,,21.78,2.71,2.71,
APS,Dịch vụ tài chính,2025,-0.0383,-0.0383,,773437854257,773437854257,,-29608686180.0,773.44,773.44,,-29.61,-3.83,-3.83,
ARM,Hàng & Dịch vụ Công nghiệp,2015,0.1804,0.183,0.0771,38784275840,39333771401,91984099634.0,7096402370.0,38.78,39.33,91.98,7.1,18.04,18.3,7.71
ARM,Hàng & Dịch vụ Công nghiệp,2016,0.1545,0.2001,0.0743,37581100701,48684207637,101290543408.0,7520946397.0,37.58,48.68,101.29,7.52,15.45,20.01,7.43
ARM,Hàng & Dịch vụ Công nghiệp,2017,0.1454,0.2135,0.0656,38236722507,56150651315,124521614858.0,8163456309.0,38.24,56.15,124.52,8.16,14.54,21.35,6.56
ARM,Hàng & Dịch vụ Công nghiệp,2018,0.1585,0.1699,0.0594,40143805257,43035930514,114823313992.0,6822023886.0,40.14,43.04,114.82,6.82,15.85,16.99,5.94
ARM,Hàng & Dịch vụ Công nghiệp,2019,0.0992,0.1787,0.0467,41918550877,75486931202,160442365946.0,7489856045.0,41.92,75.49,160.44,7.49,9.92,17.87,4.67
ARM,Hàng & Dịch vụ Công nghiệp,2020,0.0174,0.0476,0.0083,36409323409,99428066743,209338174298.0,1734660186.0,36.41,99.43,209.34,1.73,1.74,4.76,0.83
ARM,Hàng & Dịch vụ Công nghiệp,2021,0.0337,0.0531,0.0161,36386417358,57370159308,119911966463.0,1931497423.0,36.39,57.37,119.91,1.93,3.37,5.31,1.61
ARM,Hàng & Dịch vụ Công nghiệp,2022,0.0518,0.0665,0.0199,35694246458,45776247664,119452935600.0,2373036955.0,35.69,45.78,119.45,2.37,5.18,6.65,1.99
ARM,Hàng & Dịch vụ Công nghiệp,2023,0.0394,0.1045,0.022,37413212517,99100478279,177645451467.0,3907988870.0,37.41,99.1,177.65,3.91,3.94,10.45,2.2
ARM,Hàng & Dịch vụ Công nghiệp,2024,0.0675,0.1237,0.0277,38579395710,70736860113,172275408667.0,4771853209.0,38.58,70.74,172.28,4.77,6.75,12.37,2.77
ARM,Hàng & Dịch vụ Công nghiệp,2025,0.0962,0.1461,0.0256,40602980930,61689618598,231445916797.0,5933397516.0,40.6,61.69,231.45,5.93,9.62,14.61,2.56
ASM,Thực phẩm và đồ uống,2015,0.0251,0.0352,0.022,2436158317264,3426579030670,3908501934563.0,85851264739.0,2436.16,3426.58,3908.5,85.85,2.51,3.52,2.2
ASM,Thực phẩm và đồ uống,2016,0.0461,0.0657,0.0356,2644573884253,3772669904722,4880522436999.0,173784735490.0,2644.57,3772.67,4880.52,173.78,4.61,6.57,3.56
ASM,Thực phẩm và đồ uống,2017,0.0402,0.059,0.0299,2841504826017,4170753689599,5610792771004.0,167736072436.0,2841.5,4170.75,5610.79,167.74,4.02,5.9,2.99
ASM,Thực phẩm và đồ uống,2018,0.117,0.2088,0.1,5737392756220,10240613458730,11975459787810.0,1197875672560.0,5737.39,10240.61,11975.46,1197.88,11.7,20.88,10.0
ASM,Thực phẩm và đồ uống,2019,0.0611,0.1308,0.0527,6295328717620,13468006088331,15624664969706.0,823347506552.0,6295.33,13468.01,15624.66,823.35,6.11,13.08,5.27
ASM,Thực phẩm và đồ uống,2020,0.0376,0.0835,0.0326,6869177683164,15246690365916,17606226202337.0,573792664204.0,6869.18,15246.69,17606.23,573.79,3.76,8.35,3.26
ASM,Thực phẩm và đồ uống,2021,0.0455,0.093,0.0387,7568709729259,15473287641518,18169113930400.0,703887618610.0,7568.71,15473.29,18169.11,703.89,4.55,9.3,3.87
ASM,Thực phẩm và đồ uống,2022,0.0545,0.1229,0.0504,7829554839423,17649948721450,19086345264791.0,962584745306.0,7829.55,17649.95,19086.35,962.58,5.45,12.29,5.04
ASM,Thực phẩm và đồ uống,2023,0.0135,0.0322,0.0124,7816018787635,18597777489988,20307453158579.0,251699371212.0,7816.02,18597.78,20307.45,251.7,1.35,3.22,1.24
ASM,Thực phẩm và đồ uống,2024,0.0115,0.0311,0.011,8077471443186,21753367969377,22856055629167.0,250986638049.0,8077.47,21753.37,22856.06,250.99,1.15,3.11,1.1
ASM,Thực phẩm và đồ uống,2025,0.0069,0.0178,0.0062,8207396004017,21270581401605,23507886799897.0,145880692439.0,8207.4,21270.58,23507.89,145.88,0.69,1.78,0.62
ASP,"Điện, nước & xăng dầu khí đốt",2015,-0.0304,-0.0462,-0.0231,376465666944,572828463949,751731619785.0,-17387420576.0,376.47,572.83,751.73,-17.39,-3.04,-4.62,-2.31
ASP,"Điện, nước & xăng dầu khí đốt",2016,0.0234,0.04,0.0179,387435044888,662554656588,866321670815.0,15503592407.0,387.44,662.55,866.32,15.5,2.34,4.0,1.79
ASP,"Điện, nước & xăng dầu khí đốt",2017,0.0416,0.1041,0.0328,424117368129,1062411306095,1346232403597.0,44150231641.0,424.12,1062.41,1346.23,44.15,4.16,10.41,3.28
ASP,"Điện, nước & xăng dầu khí đốt",2018,0.0452,0.1143,0.035,481415303133,1216897624162,1571175189778.0,55032915093.0,481.42,1216.9,1571.18,55.03,4.52,11.43,3.5
ASP,"Điện, nước & xăng dầu khí đốt",2019,0.0373,0.0907,0.0246,441387394787,1073511973969,1628951320418.0,40045799500.0,441.39,1073.51,1628.95,40.05,3.73,9.07,2.46
ASP,"Điện, nước & xăng dầu khí đốt",2020,0.0246,0.0664,0.0158,483227209268,1302704157889,2029503968137.0,32063782239.0,483.23,1302.7,2029.5,32.06,2.46,6.64,1.58
ASP,"Điện, nước & xăng dầu khí đốt",2021,0.0209,0.0506,0.0125,500954733575,1210137142174,2021937608403.0,25347131026.0,500.95,1210.14,2021.94,25.35,2.09,5.06,1.25
ASP,"Điện, nước & xăng dầu khí đốt",2022,0.0109,0.0279,0.0065,490382930691,1253720058106,2103068827674.0,13687118400.0,490.38,1253.72,2103.07,13.69,1.09,2.79,0.65
ASP,"Điện, nước & xăng dầu khí đốt",2023,-0.0724,-0.2157,-0.0371,390407232034,1163757406303,2271855661046.0,-84200722522.0,390.41,1163.76,2271.86,-84.2,-7.24,-21.57,-3.71
ASP,"Điện, nước & xăng dầu khí đốt",2024,0.006,0.0174,0.0034,307100233034,895593734379,1560334897939.0,5339097480.0,307.1,895.59,1560.33,5.34,0.6,1.74,0.34
ASP,"Điện, nước & xăng dầu khí đốt",2025,0.031,0.0657,0.0167,336104688700,711921599572,1320453727332.0,22098625037.0,336.1,711.92,1320.45,22.1,3.1,6.57,1.67
AST,Bán lẻ,2015,0.0347,0.0404,0.0216,27226221379,31649907360,50827573032.0,1098944279.0,27.23,31.65,50.83,1.1,3.47,4.04,2.16
AST,Bán lẻ,2016,0.1621,0.2163,0.1186,201742547995,269184934748,368004724133.0,43644209093.0,201.74,269.18,368.0,43.64,16.21,21.63,11.86
AST,Bán lẻ,2017,0.2797,0.3156,0.2365,469316114533,529715541061,626466085712.0,148138874160.0,469.32,529.72,626.47,148.14,27.97,31.56,23.65
AST,Bán lẻ,2018,0.2901,0.2942,0.2451,554938072628,562833813306,666065770818.0,163250676055.0,554.94,562.83,666.07,163.25,29.01,29.42,24.51
AST,Bán lẻ,2019,0.328,0.3297,0.2431,644070516419,647521542899,873709031857.0,212369241022.0,644.07,647.52,873.71,212.37,32.8,32.97,24.31
AST,Bán lẻ,2020,-0.0881,-0.0954,-0.0825,540261653661,585063324050,624971005923.0,-51546898508.0,540.26,585.06,624.97,-51.55,-8.81,-9.54,-8.25
AST,Bán lẻ,2021,-0.2792,-0.3116,-0.2557,412458269610,460300887664,502533696279.0,-128504442550.0,412.46,460.3,502.53,-128.5,-27.92,-31.16,-25.57
AST,Bán lẻ,2022,0.0685,0.0742,0.0584,455473982746,493707425053,578865632447.0,33801769082.0,455.47,493.71,578.87,33.8,6.85,7.42,5.84
AST,Bán lẻ,2023,0.2453,0.2562,0.1978,587720666441,614054939428,761244239623.0,150597519364.0,587.72,614.05,761.24,150.6,24.53,25.62,19.78
AST,Bán lẻ,2024,0.3043,0.3273,0.2372,618299638731,665140199333,853280271228.0,202378837412.0,618.3,665.14,853.28,202.38,30.43,32.73,23.72
AST,Bán lẻ,2025,0.4371,0.4743,0.3159,686820147425,745250801101,1031257649237.0,325754905870.0,686.82,745.25,1031.26,325.75,43.71,47.43,31.59
ATS,Du lịch và Giải trí,2015,0.0738,0.0911,0.0575,38985333913,48099636913,61760480182.0,3550941031.0,38.99,48.1,61.76,3.55,7.38,9.11,5.75
ATS,Du lịch và Giải trí,2016,0.0378,0.048,0.0298,40760255811,51771255811,65617812578.0,1954921898.0,40.76,51.77,65.62,1.95,3.78,4.8,2.98
ATS,Du lịch và Giải trí,2017,0.0175,0.0226,0.0126,41702201273,53974944747,74545666521.0,941945462.0,41.7,53.97,74.55,0.94,1.75,2.26,1.26
ATS,Du lịch và Giải trí,2018,0.0075,0.0095,0.0064,42100190415,53072372147,62385461648.0,397989142.0,42.1,53.07,62.39,0.4,0.75,0.95,0.64
ATS,Du lịch và Giải trí,2019,0.0009,0.0009,0.0008,42824715325,42824715325,53938809490.0,40520103.0,42.82,42.82,53.94,0.04,0.09,0.09,0.08
ATS,Du lịch và Giải trí,2020,0.0072,0.0072,0.0057,42364963793,42364963793,53368047717.0,304253275.0,42.36,42.36,53.37,0.3,0.72,0.72,0.57
ATS,Du lịch và Giải trí,2021,0.0505,0.0526,0.0378,42414745973,44212668872,59116314018.0,2231874177.0,42.41,44.21,59.12,2.23,5.05,5.26,3.78
ATS,Du lịch và Giải trí,2022,0.0187,0.0187,0.0168,43223274683,43223274683,48222561974.0,808528710.0,43.22,43.22,48.22,0.81,1.87,1.87,1.68
ATS,Du lịch và Giải trí,2023,0.0053,0.0053,0.0046,43454150329,43454150329,50396277286.0,230875646.0,43.45,43.45,50.4,0.23,0.53,0.53,0.46
ATS,Du lịch và Giải trí,2024,0.0046,0.0046,0.0041,43652890545,43652890545,48375125736.0,198740216.0,43.65,43.65,48.38,0.2,0.46,0.46,0.41
ATS,Du lịch và Giải trí,2025,0.012,0.012,0.0106,44182366875,44182366875,49918615064.0,529476330.0,44.18,44.18,49.92,0.53,1.2,1.2,1.06
AVC,"Điện, nước & xăng dầu khí đốt",2015,0.0729,0.1415,0.0648,1014437524907,1968679639244,2216721525649.0,143565235319.0,1014.44,1968.68,2216.72,143.57,7.29,14.15,6.48
AVC,"Điện, nước & xăng dầu khí đốt",2016,0.0652,0.1169,0.0596,1048045100811,1879642340276,2056497861477.0,122538413504.0,1048.05,1879.64,2056.5,122.54,6.52,11.69,5.96
AVC,"Điện, nước & xăng dầu khí đốt",2017,0.1851,0.2808,0.1749,1249504223997,1895355235916,2005729829575.0,350809675236.0,1249.5,1895.36,2005.73,350.81,18.51,28.08,17.49
AVC,"Điện, nước & xăng dầu khí đốt",2018,0.1028,0.1229,0.0959,1318239866592,1576209730712,1689422750824.0,162009797920.0,1318.24,1576.21,1689.42,162.01,10.28,12.29,9.59
AVC,"Điện, nước & xăng dầu khí đốt",2019,0.0221,0.0245,0.0207,1220138407371,1353108271491,1447845348553.0,29918884783.0,1220.14,1353.11,1447.85,29.92,2.21,2.45,2.07
AVC,"Điện, nước & xăng dầu khí đốt",2020,0.1416,0.1495,0.1327,1344620151917,1420120151917,1515058685093.0,201063675425.0,1344.62,1420.12,1515.06,201.06,14.16,14.95,13.27
AVC,"Điện, nước & xăng dầu khí đốt",2021,0.2198,0.2313,0.2073,1434740320866,1510240320866,1600740739857.0,331885006339.0,1434.74,1510.24,1600.74,331.89,21.98,23.13,20.73
AVC,"Điện, nước & xăng dầu khí đốt",2022,0.3321,0.3321,0.3082,1721435850214,1721435850214,1855099160248.0,571717105723.0,1721.44,1721.44,1855.1,571.72,33.21,33.21,30.82
AVC,"Điện, nước & xăng dầu khí đốt",2023,0.2609,0.2609,0.2179,1327887918758,1327887918758,1589859304946.0,346494054549.0,1327.89,1327.89,1589.86,346.49,26.09,26.09,21.79
AVC,"Điện, nước & xăng dầu khí đốt",2024,0.2738,0.2738,0.2356,1085381471349,1085381471349,1261428330265.0,297214266894.0,1085.38,1085.38,1261.43,297.21,27.38,27.38,23.56
AVC,"Điện, nước & xăng dầu khí đốt",2025,0.2324,0.2324,0.2092,1207630903540,1207630903540,1341720278957.0,280674285358.0,1207.63,1207.63,1341.72,280.67,23.24,23.24,20.92
BAB,Ngân hàng,2015,0.055,0.0863,0.006,4407398000000,6914770000000,63460126000000.0,380408000000.0,4407.4,6914.77,63460.13,380.41,5.5,8.63,0.6
BAB,Ngân hàng,2016,0.0412,0.1,0.0066,5007398000000,12145824000000,75938148000000.0,500686000000.0,5007.4,12145.82,75938.15,500.69,4.12,10.0,0.66
BAB,Ngân hàng,2017,0.0253,0.1203,0.0066,5007398000000,23844772000000,91782201000000.0,602472000000.0,5007.4,23844.77,91782.2,602.47,2.53,12.03,0.66
BAB,Ngân hàng,2018,0.0358,0.123,0.007,5507398000000,18913281000000,97029061000000.0,677210000000.0,5507.4,18913.28,97029.06,677.21,3.58,12.3,0.7
BAB,Ngân hàng,2019,0.0354,0.1152,0.0069,6507398000000,21165846000000,107892774000000.0,749456000000.0,6507.4,21165.85,107892.77,749.46,3.54,11.52,0.69
BAB,Ngân hàng,2020,0.0292,0.0838,0.0051,7092398000000,20324361000000,117192248000000.0,594197000000.0,7092.4,20324.36,117192.25,594.2,2.92,8.38,0.51
BAB,Ngân hàng,2021,0.0437,0.0963,0.0061,7538753000000,16625321000000,119791806000000.0,726339000000.0,7538.75,16625.32,119791.81,726.34,4.37,9.63,0.61
BAB,Ngân hàng,2022,0.0433,0.1023,0.0065,8141261000000,19231400000000,128793538000000.0,832519000000.0,8141.26,19231.4,128793.54,832.52,4.33,10.23,0.65
BAB,Ngân hàng,2023,0.0436,0.1012,0.0056,8441555000000,19600308000000,152243071000000.0,854367000000.0,8441.56,19600.31,152243.07,854.37,4.36,10.12,0.56
BAB,Ngân hàng,2024,0.0483,0.1115,0.0061,9066625000000,20947664000000,165486693000000.0,1011255000000.0,9066.62,20947.66,165486.69,1011.26,4.83,11.15,0.61
BAB,Ngân hàng,2025,0.0335,0.1173,0.0061,10139266000000,35496568000000,195820302000000.0,1189601000000.0,10139.27,35496.57,195820.3,1189.6,3.35,11.73,0.61
BAX,Xây dựng và Vật liệu,2015,0.1694,0.1694,0.0463,135099459973,135099459973,494718101882.0,22889375079.0,135.1,135.1,494.72,22.89,16.94,16.94,4.63
BAX,Xây dựng và Vật liệu,2016,0.1648,0.1648,0.0455,137665347648,137665347648,498488422785.0,22693122052.0,137.67,137.67,498.49,22.69,16.48,16.48,4.55
BAX,Xây dựng và Vật liệu,2017,0.1783,0.1783,0.0515,144237278886,144237278886,499596364252.0,25722525837.0,144.24,144.24,499.6,25.72,17.83,17.83,5.15
BAX,Xây dựng và Vật liệu,2018,0.1751,0.1751,0.0361,131720367492,131720367492,638879060339.0,23068344901.0,131.72,131.72,638.88,23.07,17.51,17.51,3.61
BAX,Xây dựng và Vật liệu,2019,0.4694,0.4694,0.0955,181142451107,181142451107,890661989439.0,85024748660.0,181.14,181.14,890.66,85.02,46.94,46.94,9.55
BAX,Xây dựng và Vật liệu,2020,0.5207,0.5207,0.1676,279585838943,279585838943,868615011033.0,145588712320.0,279.59,279.59,868.62,145.59,52.07,52.07,16.76
BAX,Xây dựng và Vật liệu,2021,0.2665,0.2665,0.0728,226416428053,226416428053,828373196874.0,60333386197.0,226.42,226.42,828.37,60.33,26.65,26.65,7.28
BAX,Xây dựng và Vật liệu,2022,0.2638,0.2638,0.0842,245085836825,245085836825,767757104769.0,64658857784.0,245.09,245.09,767.76,64.66,26.38,26.38,8.42
BAX,Xây dựng và Vật liệu,2023,0.1366,0.1366,0.0397,210655900894,210655900894,724830592178.0,28766331975.0,210.66,210.66,724.83,28.77,13.66,13.66,3.97
BAX,Xây dựng và Vật liệu,2024,0.1263,0.1263,0.0367,210437106628,210437106628,724328063781.0,26578738211.0,210.44,210.44,724.33,26.58,12.63,12.63,3.67
BAX,Xây dựng và Vật liệu,2025,0.161,0.161,0.0494,222580655375,222580655375,725108870381.0,35824589953.0,222.58,222.58,725.11,35.82,16.1,16.1,4.94
BBS,Hàng & Dịch vụ Công nghiệp,2015,0.0491,0.1007,0.0372,82925267933,170209522815,224553110556.0,8353506178.0,82.93,170.21,224.55,8.35,4.91,10.07,3.72
BBS,Hàng & Dịch vụ Công nghiệp,2016,0.047,0.0814,0.0331,106388147570,184258632563,261320215190.0,8658535637.0,106.39,184.26,261.32,8.66,4.7,8.14,3.31
BBS,Hàng & Dịch vụ Công nghiệp,2017,0.0142,0.0383,0.0108,103342253956,279236455170,364636948723.0,3954106386.0,103.34,279.24,364.64,3.95,1.42,3.83,1.08
BBS,Hàng & Dịch vụ Công nghiệp,2018,0.0166,0.0476,0.0116,104517049143,300040470185,427830319909.0,4974795187.0,104.52,300.04,427.83,4.97,1.66,4.76,1.16
BBS,Hàng & Dịch vụ Công nghiệp,2019,0.0181,0.0533,0.0131,105315684095,309464001322,429531453000.0,5608509307.0,105.32,309.46,429.53,5.61,1.81,5.33,1.31
BBS,Hàng & Dịch vụ Công nghiệp,2020,0.0268,0.0735,0.0205,107740378701,294935602837,386883764058.0,7914820251.0,107.74,294.94,386.88,7.91,2.68,7.35,2.05
BBS,Hàng & Dịch vụ Công nghiệp,2021,0.0372,0.0924,0.0259,110536383430,274698773838,394565027353.0,10208419100.0,110.54,274.7,394.57,10.21,3.72,9.24,2.59
BBS,Hàng & Dịch vụ Công nghiệp,2022,0.0283,0.0716,0.0227,109040563261,276497826121,343511860291.0,7812598931.0,109.04,276.5,343.51,7.81,2.83,7.16,2.27
BBS,Hàng & Dịch vụ Công nghiệp,2023,0.0241,0.0528,0.0189,107198491900,234687617122,299356744957.0,5657928639.0,107.2,234.69,299.36,5.66,2.41,5.28,1.89
BBS,Hàng & Dịch vụ Công nghiệp,2024,0.0288,0.0574,0.0212,107830148849,215165772305,291306659104.0,6189585588.0,107.83,215.17,291.31,6.19,2.88,5.74,2.12
BBS,Hàng & Dịch vụ Công nghiệp,2025,0.0328,0.0653,0.0267,108796770974,216693526258,265900992973.0,7106207713.0,108.8,216.69,265.9,7.11,3.28,6.53,2.67
BCC,Xây dựng và Vật liệu,2015,0.063,0.1489,0.0494,1702173053230,4019149553399,5129660263633.0,253382613371.0,1702.17,4019.15,5129.66,253.38,6.3,14.89,4.94
BCC,Xây dựng và Vật liệu,2016,0.0709,0.1286,0.0526,1939624547653,3516612874937,4741327852319.0,249420586318.0,1939.62,3516.61,4741.33,249.42,7.09,12.86,5.26
BCC,Xây dựng và Vật liệu,2017,-0.001,-0.0019,-0.0007,1801580362940,3655972217429,4840228561333.0,-3481630713.0,1801.58,3655.97,4840.23,-3.48,-0.1,-0.19,-0.07
BCC,Xây dựng và Vật liệu,2018,0.0257,0.047,0.0194,1881770088369,3431553423158,4551216999106.0,88354458429.0,1881.77,3431.55,4551.22,88.35,2.57,4.7,1.94
BCC,Xây dựng và Vật liệu,2019,0.0375,0.0614,0.0271,2006579033636,3287347340281,4538925473708.0,123198310828.0,2006.58,3287.35,4538.93,123.2,3.75,6.14,2.71
BCC,Xây dựng và Vật liệu,2020,0.0489,0.0685,0.0351,2115667808192,2962966259533,4127845107797.0,144895188985.0,2115.67,2962.97,4127.85,144.9,4.89,6.85,3.51
BCC,Xây dựng và Vật liệu,2021,0.0291,0.0368,0.0201,2118650183625,2676532365138,3876394238798.0,77994173530.0,2118.65,2676.53,3876.39,77.99,2.91,3.68,2.01
BCC,Xây dựng và Vật liệu,2022,0.0233,0.0297,0.0154,2122642402183,2705064471837,4099184212345.0,63134725541.0,2122.64,2705.06,4099.18,63.13,2.33,2.97,1.54
BCC,Xây dựng và Vật liệu,2023,-0.0894,-0.1308,-0.0639,1784922141815,2613517048918,3656713441407.0,-233536479368.0,1784.92,2613.52,3656.71,-233.54,-8.94,-13.08,-6.39
BCC,Xây dựng và Vật liệu,2024,-0.0034,-0.0046,-0.0024,1776788715715,2395346474220,3412371648825.0,-8133426100.0,1776.79,2395.35,3412.37,-8.13,-0.34,-0.46,-0.24
BCC,Xây dựng và Vật liệu,2025,0.0104,0.0141,0.0075,1802266214878,2443121725283,3411370905437.0,25477499163.0,1802.27,2443.12,3411.37,25.48,1.04,1.41,0.75
BCE,Xây dựng và Vật liệu,2015,0.057,0.0715,0.014,352516855308,442255189601,1797371054632.0,25202158539.0,352.52,442.26,1797.37,25.2,5.7,7.15,1.4
BCE,Xây dựng và Vật liệu,2016,0.0358,0.0434,0.0122,356053657493,431749590397,1264063272170.0,15443470609.0,356.05,431.75,1264.06,15.44,3.58,4.34,1.22
BCE,Xây dựng và Vật liệu,2017,0.0741,0.0819,0.0252,356508947990,393893071671,1157565762347.0,29193134605.0,356.51,393.89,1157.57,29.19,7.41,8.19,2.52
BCE,Xây dựng và Vật liệu,2018,0.0822,0.1011,0.0286,366049693264,450243220382,1292267599541.0,37017300369.0,366.05,450.24,1292.27,37.02,8.22,10.11,2.86
BCE,Xây dựng và Vật liệu,2019,0.0899,0.1017,0.0403,365502204085,413396998642,923309989866.0,37176055341.0,365.5,413.4,923.31,37.18,8.99,10.17,4.03
BCE,Xây dựng và Vật liệu,2020,0.0726,0.0923,0.0352,357686601098,454678752928,938469266304.0,33026171270.0,357.69,454.68,938.47,33.03,7.26,9.23,3.52
BCE,Xây dựng và Vật liệu,2021,0.0415,0.0563,0.0274,392809088482,533044355094,808728682634.0,22134681589.0,392.81,533.04,808.73,22.13,4.15,5.63,2.74
BCE,Xây dựng và Vật liệu,2022,-0.1377,-0.1756,-0.0901,332623889876,424142092515,648336563873.0,-58396060591.0,332.62,424.14,648.34,-58.4,-13.77,-17.56,-9.01
BCE,Xây dựng và Vật liệu,2023,0.0018,0.0023,0.0011,333402976646,445063299486,687637011450.0,779086770.0,333.4,445.06,687.64,0.78,0.18,0.23,0.11
BCE,Xây dựng và Vật liệu,2024,0.1568,0.1933,0.1046,385804560515,475549569695,713164517958.0,74583327505.0,385.8,475.55,713.16,74.58,15.68,19.33,10.46
BCE,Xây dựng và Vật liệu,2025,0.092,0.2122,0.0398,476738025789,1099344643025,2545354868738.0,101184187695.0,476.74,1099.34,2545.35,101.18,9.2,21.22,3.98
BCF,Thực phẩm và đồ uống,2015,0.2213,0.3405,0.1823,119842357207,184420566924,223831561319.0,40806983347.0,119.84,184.42,223.83,40.81,22.13,34.05,18.23
BCF,Thực phẩm và đồ uống,2016,0.1976,0.2936,0.1743,154841843207,230101111173,260821656268.0,45466840000.0,154.84,230.1,260.82,45.47,19.76,29.36,17.43
BCF,Thực phẩm và đồ uống,2017,0.1831,0.2347,0.1555,175985037814,225608679804,265627844338.0,41297779107.0,175.99,225.61,265.63,41.3,18.31,23.47,15.55
BCF,Thực phẩm và đồ uống,2018,0.1631,0.2071,0.1384,187370390307,237915920622,280377154613.0,38802932993.0,187.37,237.92,280.38,38.8,16.31,20.71,13.84
BCF,Thực phẩm và đồ uống,2019,0.2529,0.2888,0.2045,224603671563,256559169613,317171340958.0,64875319728.0,224.6,256.56,317.17,64.88,25.29,28.88,20.45
BCF,Thực phẩm và đồ uống,2020,0.3156,0.3634,0.2539,276228468044,318096705296,395444486131.0,100393781048.0,276.23,318.1,395.44,100.39,31.56,36.34,25.39
BCF,Thực phẩm và đồ uống,2021,0.1602,0.1777,0.1323,302707886636,335908652636,406562636297.0,53796964152.0,302.71,335.91,406.56,53.8,16.02,17.77,13.23
BCF,Thực phẩm và đồ uống,2022,0.2861,0.319,0.2393,339024090825,378064188495,452082116662.0,108163279789.0,339.02,378.06,452.08,108.16,28.61,31.9,23.93
BCF,Thực phẩm và đồ uống,2023,0.1561,0.1796,0.1319,353589597980,406725411844,481412155283.0,63490277155.0,353.59,406.73,481.41,63.49,15.61,17.96,13.19
BCF,Thực phẩm và đồ uống,2024,0.194,0.2611,0.1597,395382822316,532153596535,646644764210.0,103250566485.0,395.38,532.15,646.64,103.25,19.4,26.11,15.97
BCF,Thực phẩm và đồ uống,2025,0.1852,0.2752,0.1611,442908887481,658188713596,756568257701.0,121900536452.0,442.91,658.19,756.57,121.9,18.52,27.52,16.11
BCM,Bất động sản,2015,0.0183,0.0525,0.0113,11112269391298,31939591055350,51471671052021.0,583333262422.0,11112.27,31939.59,51471.67,583.33,1.83,5.25,1.13
BCM,Bất động sản,2016,0.0249,0.0679,0.0155,13048789275701,35644235350205,57246331874835.0,885807737790.0,13048.79,35644.24,57246.33,885.81,2.49,6.79,1.55
BCM,Bất động sản,2017,0.0302,0.0849,0.0198,11962670112398,33657147451773,51201883871868.0,1015102315681.0,11962.67,33657.15,51201.88,1015.1,3.02,8.49,1.98
BCM,Bất động sản,2018,0.0716,0.1756,0.0526,13530592174108,33185915544891,45183740370645.0,2376524256560.0,13530.59,33185.92,45183.74,2376.52,7.16,17.56,5.26
BCM,Bất động sản,2019,0.089,0.1753,0.0605,15009760527291,29557467188371,43501742634322.0,2630885732938.0,15009.76,29557.47,43501.74,2630.89,8.9,17.53,6.05
BCM,Bất động sản,2020,0.0679,0.1284,0.0446,16734783210428,31635101586433,48190837519548.0,2148672378553.0,16734.78,31635.1,48190.84,2148.67,6.79,12.84,4.46
BCM,Bất động sản,2021,0.0431,0.085,0.0298,17144920748033,33779438841039,48952440778613.0,1457263535479.0,17144.92,33779.44,48952.44,1457.26,4.31,8.5,2.98
BCM,Bất động sản,2022,0.0507,0.0955,0.0355,17945127535047,33831509901475,48289575211444.0,1714339267368.0,17945.13,33831.51,48289.58,1714.34,5.07,9.55,3.55
BCM,Bất động sản,2023,0.0582,0.1171,0.0427,19472890868829,39189332830375,53423901937257.0,2280087767209.0,19472.89,39189.33,53423.9,2280.09,5.82,11.71,4.27
BCM,Bất động sản,2024,0.0541,0.1158,0.0407,20679200335365,44307228332753,58780757768275.0,2395046491307.0,20679.2,44307.23,58780.76,2395.05,5.41,11.58,4.07
BCM,Bất động sản,2025,0.0744,0.1508,0.0577,23317362702533,47265253099549,60908205782622.0,3516021530894.0,23317.36,47265.25,60908.21,3516.02,7.44,15.08,5.77
BDG,Hàng cá nhân & Gia dụng,2015,0.0247,0.084,0.0194,142232643186,484239267316,615397380523.0,11952045097.0,142.23,484.24,615.4,11.95,2.47,8.4,1.94
BDG,Hàng cá nhân & Gia dụng,2016,0.2015,0.4182,0.1454,175543647743,364323032920,504934875792.0,73413313484.0,175.54,364.32,504.93,73.41,20.15,41.82,14.54
BDG,Hàng cá nhân & Gia dụng,2017,0.2565,0.3683,0.1411,202114395183,290231851590,527661248945.0,74443812519.0,202.11,290.23,527.66,74.44,25.65,36.83,14.11
BDG,Hàng cá nhân & Gia dụng,2018,0.3175,0.4618,0.206,273787763007,398144098772,613840489394.0,126426009385.0,273.79,398.14,613.84,126.43,31.75,46.18,20.6
BDG,Hàng cá nhân & Gia dụng,2019,0.2812,0.3462,0.1665,291963431552,359490999575,606901714285.0,101075448968.0,291.96,359.49,606.9,101.08,28.12,34.62,16.65
BDG,Hàng cá nhân & Gia dụng,2020,0.2428,0.3353,0.1427,265025736030,365933873595,622793370090.0,88855448599.0,265.03,365.93,622.79,88.86,24.28,33.53,14.27
BDG,Hàng cá nhân & Gia dụng,2021,0.1294,0.2104,0.0888,324089762395,526776830091,767477956400.0,68184960770.0,324.09,526.78,767.48,68.18,12.94,21.04,8.88
BDG,Hàng cá nhân & Gia dụng,2022,0.2742,0.4129,0.2007,527317459457,794189016494,1084966335287.0,217734357055.0,527.32,794.19,1084.97,217.73,27.42,41.29,20.07
BDG,Hàng cá nhân & Gia dụng,2023,0.1629,0.2241,0.1211,546894493653,752159861538,1011708486937.0,122561311925.0,546.89,752.16,1011.71,122.56,16.29,22.41,12.11
BDG,Hàng cá nhân & Gia dụng,2024,0.2013,0.2693,0.1551,652120502446,872313748016,1132622851960.0,175633709738.0,652.12,872.31,1132.62,175.63,20.13,26.93,15.51
BDG,Hàng cá nhân & Gia dụng,2025,0.1506,0.1895,0.1181,715304632192,900019058116,1147607909599.0,135536323252.0,715.3,900.02,1147.61,135.54,15.06,18.95,11.81
BDT,Xây dựng và Vật liệu,2015,0.0836,0.0847,0.0575,356173366113,361173361721,525064396594.0,30178558292.0,356.17,361.17,525.06,30.18,8.36,8.47,5.75
BDT,Xây dựng và Vật liệu,2016,0.0712,0.0739,0.0506,398967440225,414206097204,582613629845.0,29473991169.0,398.97,414.21,582.61,29.47,7.12,7.39,5.06
BDT,Xây dựng và Vật liệu,2017,0.1446,0.1781,0.1061,477146056208,587745867296,800717081800.0,84968931015.0,477.15,587.75,800.72,84.97,14.46,17.81,10.61
BDT,Xây dựng và Vật liệu,2018,0.14,0.1836,0.098,508555585410,666860710390,953393672503.0,93391567985.0,508.56,666.86,953.39,93.39,14.0,18.36,9.8
BDT,Xây dựng và Vật liệu,2019,0.1371,0.1885,0.0975,536452639042,737400553704,1036911648322.0,101115165129.0,536.45,737.4,1036.91,101.12,13.71,18.85,9.75
BDT,Xây dựng và Vật liệu,2020,0.1192,0.1816,0.0886,554473053339,844531000307,1135968202852.0,100678569811.0,554.47,844.53,1135.97,100.68,11.92,18.16,8.86
BDT,Xây dựng và Vật liệu,2021,0.0614,0.1208,0.0479,563676775837,1109524637931,1421083811960.0,68102306401.0,563.68,1109.52,1421.08,68.1,6.14,12.08,4.79
BDT,Xây dựng và Vật liệu,2022,0.0736,0.1494,0.0585,598866362204,1215680700755,1529198864864.0,89447269736.0,598.87,1215.68,1529.2,89.45,7.36,14.94,5.85
BDT,Xây dựng và Vật liệu,2023,0.0375,0.0711,0.0287,582699426089,1105418382922,1442893759735.0,41420358153.0,582.7,1105.42,1442.89,41.42,3.75,7.11,2.87
BDT,Xây dựng và Vật liệu,2024,-0.0167,-0.0257,-0.0126,546288784466,836956490873,1109510340663.0,-14018921497.0,546.29,836.96,1109.51,-14.02,-1.67,-2.57,-1.26
BDT,Xây dựng và Vật liệu,2025,0.0141,0.0165,0.0084,554718716710,650080581500,1087196060647.0,9137302730.0,554.72,650.08,1087.2,9.14,1.41,1.65,0.84
BDW,"Điện, nước & xăng dầu khí đốt",2015,0.0177,0.042,0.0128,125347599035,297223859156,410148225488.0,5258698391.0,125.35,297.22,410.15,5.26,1.77,4.2,1.28
BDW,"Điện, nước & xăng dầu khí đốt",2016,0.0387,0.0847,0.027,129442098431,283166726552,405289240261.0,10961098396.0,129.44,283.17,405.29,10.96,3.87,8.47,2.7
BDW,"Điện, nước & xăng dầu khí đốt",2017,0.0257,0.0526,0.0175,127893409597,261874093718,384398685951.0,6726951166.0,127.89,261.87,384.4,6.73,2.57,5.26,1.75
BDW,"Điện, nước & xăng dầu khí đốt",2018,0.0525,0.1029,0.0349,131681041883,258077482004,387978214613.0,13552353810.0,131.68,258.08,387.98,13.55,5.25,10.29,3.49
BDW,"Điện, nước & xăng dầu khí đốt",2019,0.0828,0.1496,0.0523,137848790780,249055186901,394474182214.0,20621914829.0,137.85,249.06,394.47,20.62,8.28,14.96,5.23
BDW,"Điện, nước & xăng dầu khí đốt",2020,0.1006,0.1681,0.0606,145029407146,242364138467,402584297065.0,24378493943.0,145.03,242.36,402.58,24.38,10.06,16.81,6.06
BDW,"Điện, nước & xăng dầu khí đốt",2021,0.1084,0.1765,0.0645,152490822774,248256104095,416968739070.0,26914959380.0,152.49,248.26,416.97,26.91,10.84,17.65,6.45
BDW,"Điện, nước & xăng dầu khí đốt",2022,0.1782,0.2613,0.1051,173802993014,254877139335,431956355727.0,45408953327.0,173.8,254.88,431.96,45.41,17.82,26.13,10.51
BDW,"Điện, nước & xăng dầu khí đốt",2023,0.1764,0.2362,0.0955,190574326197,255277960518,471188052431.0,45020989183.0,190.57,255.28,471.19,45.02,17.64,23.62,9.55
BDW,"Điện, nước & xăng dầu khí đốt",2024,0.142,0.1743,0.0783,206001078408,252837674729,458561608019.0,35904572211.0,206.0,252.84,458.56,35.9,14.2,17.43,7.83
BDW,"Điện, nước & xăng dầu khí đốt",2025,0.1538,0.1737,0.083,218899999053,247300174374,458199639874.0,38032120856.0,218.9,247.3,458.2,38.03,15.38,17.37,8.3
BED,Truyền thông,2015,0.1116,0.1116,0.0912,43435400751,43435400751,53160505573.0,4845717821.0,43.44,43.44,53.16,4.85,11.16,11.16,9.12
BED,Truyền thông,2016,0.1365,0.1365,0.1142,45077859869,45077859869,53871658749.0,6152065548.0,45.08,45.08,53.87,6.15,13.65,13.65,11.42
BED,Truyền thông,2017,0.1596,0.1596,0.1226,39523972040,39523972040,51434225176.0,6308108442.0,39.52,39.52,51.43,6.31,15.96,15.96,12.26
BED,Truyền thông,2018,0.458,0.458,0.3941,61943365125,61943365125,71987609590.0,28370729807.0,61.94,61.94,71.99,28.37,45.8,45.8,39.41
BED,Truyền thông,2019,0.1761,0.1761,0.1425,41014737548,41014737548,50659075833.0,7221372423.0,41.01,41.01,50.66,7.22,17.61,17.61,14.25
BED,Truyền thông,2020,0.1785,0.1785,0.1435,42184149123,42184149123,52470091297.0,7530480196.0,42.18,42.18,52.47,7.53,17.85,17.85,14.35
BED,Truyền thông,2021,0.1369,0.1369,0.1088,40311876871,40311876871,50735964543.0,5517833463.0,40.31,40.31,50.74,5.52,13.69,13.69,10.88
BED,Truyền thông,2022,0.1089,0.1089,0.0863,39046308329,39046308329,49254587465.0,4250697612.0,39.05,39.05,49.25,4.25,10.89,10.89,8.63
BED,Truyền thông,2023,0.1883,0.1883,0.151,43047370011,43047370011,53702845954.0,8107044592.0,43.05,43.05,53.7,8.11,18.83,18.83,15.1
BED,Truyền thông,2024,0.1721,0.1721,0.1381,43534903161,43534903161,54259616136.0,7492885380.0,43.53,43.53,54.26,7.49,17.21,17.21,13.81
BED,Truyền thông,2025,0.1245,0.1245,0.1002,41760313540,41760313540,51917495091.0,5200054648.0,41.76,41.76,51.92,5.2,12.45,12.45,10.02
BFC,Hóa chất,2015,0.096,0.2531,0.0785,1107403722285,2919792656915,3569541919404.0,280233549944.0,1107.4,2919.79,3569.54,280.23,9.6,25.31,7.85
BFC,Hóa chất,2016,0.1259,0.3105,0.1022,1127652769542,2780661550733,3425641960231.0,350100379261.0,1127.65,2780.66,3425.64,350.1,12.59,31.05,10.22
BFC,Hóa chất,2017,0.1104,0.2859,0.0909,1220852600536,3161256185736,3840851417408.0,349056962549.0,1220.85,3161.26,3840.85,349.06,11.04,28.59,9.09
BFC,Hóa chất,2018,0.0832,0.2131,0.0681,1188838333072,3042936666842,3717501554307.0,253299977286.0,1188.84,3042.94,3717.5,253.3,8.32,21.31,6.81
BFC,Hóa chất,2019,0.0378,0.0865,0.0297,1148037037688,2622889566469,3340399508888.0,99254487723.0,1148.04,2622.89,3340.4,99.25,3.78,8.65,2.97
BFC,Hóa chất,2020,0.0705,0.138,0.0544,1207983483843,2365310484315,3062557636597.0,166673291596.0,1207.98,2365.31,3062.56,166.67,7.05,13.8,5.44
BFC,Hóa chất,2021,0.1064,0.2179,0.077,1361970799580,2788368337630,3854080063879.0,296756528445.0,1361.97,2788.37,3854.08,296.76,10.64,21.79,7.7
BFC,Hóa chất,2022,0.0538,0.1367,0.0431,1351498925881,3431461859961,4288576672633.0,184771639067.0,1351.5,3431.46,4288.58,184.77,5.38,13.67,4.31
BFC,Hóa chất,2023,0.0485,0.1049,0.039,1285757822876,2779270207186,3454647947598.0,134817816000.0,1285.76,2779.27,3454.65,134.82,4.85,10.49,3.9
BFC,Hóa chất,2024,0.1852,0.2805,0.1299,1517363750737,2298250691206,3277320050193.0,425614471466.0,1517.36,2298.25,3277.32,425.61,18.52,28.05,12.99
BFC,Hóa chất,2025,0.1305,0.2361,0.1009,1695428498755,3068400244671,3966083572272.0,400315425847.0,1695.43,3068.4,3966.08,400.32,13.05,23.61,10.09
BGW,"Điện, nước & xăng dầu khí đốt",2015,0.0074,0.0074,0.0071,182852460055,182852460055,190468483930.0,1357999849.0,182.85,182.85,190.47,1.36,0.74,0.74,0.71
BGW,"Điện, nước & xăng dầu khí đốt",2016,0.0202,0.0206,0.0186,184225309261,188439814507,204060783767.0,3804212947.0,184.23,188.44,204.06,3.8,2.02,2.06,1.86
BGW,"Điện, nước & xăng dầu khí đốt",2017,0.0291,0.0308,0.0261,185178214864,195954139024,218905716918.0,5709405031.0,185.18,195.95,218.91,5.71,2.91,3.08,2.61
BGW,"Điện, nước & xăng dầu khí đốt",2018,0.0334,0.0334,0.0289,186433229730,186433229730,215489048562.0,6229466128.0,186.43,186.43,215.49,6.23,3.34,3.34,2.89
BGW,"Điện, nước & xăng dầu khí đốt",2019,0.0299,0.0299,0.0253,185998691708,185998691708,219844537149.0,5557645887.0,186.0,186.0,219.84,5.56,2.99,2.99,2.53
BGW,"Điện, nước & xăng dầu khí đốt",2020,0.0506,0.0506,0.0421,190084308598,190084308598,228668450888.0,9621695805.0,190.08,190.08,228.67,9.62,5.06,5.06,4.21
BGW,"Điện, nước & xăng dầu khí đốt",2021,0.0544,0.0544,0.0461,190688787029,190688787029,225233620493.0,10374804420.0,190.69,190.69,225.23,10.37,5.44,5.44,4.61
BGW,"Điện, nước & xăng dầu khí đốt",2022,0.0558,0.0558,0.0472,191451409329,191451409329,225995275089.0,10676551257.0,191.45,191.45,226.0,10.68,5.58,5.58,4.72
BGW,"Điện, nước & xăng dầu khí đốt",2023,0.0609,0.0609,0.0503,192335650633,192335650633,233041693680.0,11716428593.0,192.34,192.34,233.04,11.72,6.09,6.09,5.03
BGW,"Điện, nước & xăng dầu khí đốt",2024,0.0596,0.0596,0.0499,192728737602,192728737602,230310559108.0,11487759308.0,192.73,192.73,230.31,11.49,5.96,5.96,4.99
BGW,"Điện, nước & xăng dầu khí đốt",2025,0.0829,0.0829,0.0673,197093685102,197093685102,243006547914.0,16344590800.0,197.09,197.09,243.01,16.34,8.29,8.29,6.73
BHA,"Điện, nước & xăng dầu khí đốt",2015,-0.0113,-0.0399,-0.0097,543259379918,1913855979570,2233231046926.0,-21690609648.0,543.26,1913.86,2233.23,-21.69,-1.13,-3.99,-0.97
BHA,"Điện, nước & xăng dầu khí đốt",2016,0.0057,0.0194,0.0048,554007197105,1880769371757,2219320087927.0,10747817187.0,554.01,1880.77,2219.32,10.75,0.57,1.94,0.48
BHA,"Điện, nước & xăng dầu khí đốt",2017,0.0336,0.1024,0.0295,617178415069,1881948589721,2143233234088.0,63171217964.0,617.18,1881.95,2143.23,63.17,3.36,10.24,2.95
BHA,"Điện, nước & xăng dầu khí đốt",2018,0.0221,0.0644,0.0209,670342912761,1954563903581,2061376924461.0,43164497692.0,670.34,1954.56,2061.38,43.16,2.21,6.44,2.09
BHA,"Điện, nước & xăng dầu khí đốt",2019,-0.0224,-0.0676,-0.0219,618661579579,1870393051910,1912010273705.0,-41826312574.0,618.66,1870.39,1912.01,-41.83,-2.24,-6.76,-2.19
BHA,"Điện, nước & xăng dầu khí đốt",2020,0.0337,0.0885,0.0326,678449923156,1779694735820,1840850791705.0,60033322969.0,678.45,1779.69,1840.85,60.03,3.37,8.85,3.26
BHA,"Điện, nước & xăng dầu khí đốt",2021,0.0169,0.039,0.0161,706007648184,1626707898777,1710047064367.0,27557725028.0,706.01,1626.71,1710.05,27.56,1.69,3.9,1.61
BHA,"Điện, nước & xăng dầu khí đốt",2022,0.0979,0.1865,0.095,827011829368,1575552878020,1622517227403.0,154204181184.0,827.01,1575.55,1622.52,154.2,9.79,18.65,9.5
BHA,"Điện, nước & xăng dầu khí đốt",2023,0.0685,0.1218,0.0666,884364549811,1571555465631,1617620285582.0,107691742854.0,884.36,1571.56,1617.62,107.69,6.85,12.18,6.66
BHA,"Điện, nước & xăng dầu khí đốt",2024,0.1073,0.1659,0.1062,986350075006,1524056389029,1540248072258.0,163603114068.0,986.35,1524.06,1540.25,163.6,10.73,16.59,10.62
BHA,"Điện, nước & xăng dầu khí đốt",2025,0.1165,0.1552,0.114,1076227880569,1433975055221,1464983909918.0,167078361013.0,1076.23,1433.98,1464.98,167.08,11.65,15.52,11.4
BHN,Thực phẩm và đồ uống,2015,0.1297,0.1564,0.0958,6082233988243,7334401716331,9936239954943.0,951545989963.0,6082.23,7334.4,9936.24,951.55,12.97,15.64,9.58
BHN,Thực phẩm và đồ uống,2016,0.1022,0.1219,0.0815,6534156255281,7796490311759,9780721590800.0,796697208603.0,6534.16,7796.49,9780.72,796.7,10.22,12.19,8.15
BHN,Thực phẩm và đồ uống,2017,0.1192,0.1457,0.0685,4517297081648,5520758959257,9612005246613.0,658050829837.0,4517.3,5520.76,9612.01,658.05,11.92,14.57,6.85
BHN,Thực phẩm và đồ uống,2018,0.0876,0.0983,0.0526,4928453737576,5530140911892,9202846010059.0,484332728484.0,4928.45,5530.14,9202.85,484.33,8.76,9.83,5.26
BHN,Thực phẩm và đồ uống,2019,0.0922,0.1005,0.0668,5205998406652,5674873832253,7833303749077.0,523127874893.0,5206.0,5674.87,7833.3,523.13,9.22,10.05,6.68
BHN,Thực phẩm và đồ uống,2020,0.118,0.1246,0.0947,5795218263413,6116282815300,7622519184565.0,721893473502.0,5795.22,6116.28,7622.52,721.89,11.8,12.46,9.47
BHN,Thực phẩm và đồ uống,2021,0.0638,0.0671,0.0457,4833416250202,5079587236393,7087729500362.0,324172819885.0,4833.42,5079.59,7087.73,324.17,6.38,6.71,4.57
BHN,Thực phẩm và đồ uống,2022,0.0931,0.0948,0.0695,5303642076713,5400117332244,7233178229846.0,502769144525.0,5303.64,5400.12,7233.18,502.77,9.31,9.48,6.95
BHN,Thực phẩm và đồ uống,2023,0.0654,0.0668,0.0496,5306532186354,5423839285584,7149981347305.0,354684835160.0,5306.53,5423.84,7149.98,354.68,6.54,6.68,4.96
BHN,Thực phẩm và đồ uống,2024,0.0733,0.0743,0.0539,5265628783522,5337225859296,7259200002724.0,391140013450.0,5265.63,5337.23,7259.2,391.14,7.33,7.43,5.39
BHN,Thực phẩm và đồ uống,2025,0.0908,0.0913,0.0653,5398677371839,5427185492711,7543413614237.0,492671877579.0,5398.68,5427.19,7543.41,492.67,9.08,9.13,6.53
