Mã,PRICE_TO_EARNINGS,PRICE_TO_BOOK,PRICE_TO_SALES,MARKETCAP,PRICE_CHG_PCT_CR_1D,PRICE_CHG_PCT_CR_5D,PRICE_CHG_PCT_CR_1M,PRICE_CHG_PCT_CR_3M,PRICE_CHG_PCT_CR_6M,PRICE_CHG_PCT_CR_1Y,PRICE_CHG_PCT_CR_3Y,PRICE_CHG_PCT_CR_5Y,PRICE_HIGHEST_CR_52W,PRICE_LOWEST_CR_52W,PRICE_CHG_PCT_CR_HH52W,PRICE_CHG_PCT_CR_LL52W,NMVOLUME_AVG_CR_5D,NMVOLUME_AVG_CR_10D,NMVOLUME_AVG_CR_20D,NMVALUE_AVG_CR_20D,NMVALUE_AVG_CR_1M,ROAE_TR_AVG5Q,ROAA_TR_AVG5Q,NET_MARGIN_TR,NET_MARGIN_QR,GROSS_MARGIN_TR,GROSS_MARGIN_QR,EBIT_TR,EBITDA_TR,NET_PROFIT_TR_GRYOY,NET_PROFIT_YD_GRYOY,NET_PROFIT_QR_GRYOY,NET_SALES_TR_GRYOY,NET_SALES_QR_GRYOY,NET_SALES_TR_GR2YR,GROSS_PROFIT_TR_GRYOY,OPERATING_PROFIT_TR_GRYOY,EPS_TR_GRYOY,EPS_QR_GRYOY,PRETAX_PROFIT_TR_GRYOY,TOTAL_ASSETS_AQ_GRYOY,OWNERS_EQUITY_AQ_GRYOY,OWNERS_EQUITY_AQ_GRYTD,DEBT_TO_EQUITY_AQ,EQUITY_TO_ASSET_AQ,FINANCIAL_LEVERAGE_AQ,LOANS_TO_EQUITY_AQ,HTM_TO_EQUITY_AQ,FVTPL_AFS_TO_EQUITY_AQ,NET_CASH_TO_EQUITY_AQ,TOTAL_DEBT_AQ_GRYOY,TOTAL_CAP_AQ,OWNERS_EQUITY_AQ,TOTAL_ASSETS_AQ,EPS_TR,EPS_YD,BVPS_AQ,CURRENT_RATIO_AQ,QUICK_RATIO_AQ,CURRENT_ASSETS_AQ,CFO_TO_SALES_YD,CFO_TO_SALES_TR,CFO_TO_SALES_QR,CFO_YD,POSITIVE_CFO_NUM_CR_2YR,DIVIDEND_YIELD,DIVIDEND_PAYOUT_TR,DIVIDEND_PAYOUT_YD,DIVIDEND_PAID_TR,FOREIGN_OWNERSHIP,STATE_OWNERSHIP,TOTAL_INTERNAL_OWNERSHIP,FREEFLOAT,OUTSTANDING_SHARES,LISTED_SHARES,BETA,SHARES_ISSUE_PCT,ESOP_PCT,INFO_DISCLOSE,MEDIA,DIVIDEND_PAYMENT_NUM_CR_3Y
TCX,20.86527744003766,2.68901048154433,10.571429479830206,118584233344800.0,0.06875,-0.001382102742792626,-0.07117379732396661,0.024279210925644917,0.05880167592000165,0.05880167592000165,0.05880167592000165,0.05880167592000165,62852.0,42363.0,-0.1837968561064087,0.2109623964308477,1982262.0,2072781.0,2471590.5,126144195767.5,127236851250.0,0.1669281371048035,0.08429409077342577,0.506651757217714,0.4853147393012288,0.8918152315818523,0.8621161800355439,7108700741609.0,6950316351566.0,0.4763062964574113,0.4763062964574113,1.188421314982264,0.47302081235304894,0.8255928956970158,0.4607971731274425,0.44568928612416825,0.4803419481247848,,,0.480329867091064,0.5143876181985603,0.6769831796372087,0.6769831796372087,0.7047616999294625,0.5469223090693964,0.8284132561744062,0.9945612247274314,0.09223259547383099,0.5724796613497349,1.024956292990424,0.5143839224332145,44099580183375.0,44099580183375.0,80632256999009.0,2458.9231740082296,2458.9231740082296,19079.923481724032,2.1878777170770416,0.08859566332003628,76612765855403.0,-1.8332534579864497,-1.8332534579864497,-0.09277698024749491,-20564385947691.0,0.0,2.275859694235642e-07,0.0,0.0,0.0,0.08840599614740834,0.0,0.04557429258365387,0.9544257074163461,2311308021.0,2311308021.0,,0.0,0.0,0.0,0.0,1.0
VCK,25.787133987316338,3.200385195839114,11.171365066061098,92283456781600.0,0.028493894165535955,0.08285714285714285,0.24388722964324394,0.25809128630705397,0.19370078740157481,0.19370078740157481,0.19370078740157481,0.19370078740157481,37900.0,26688.0,0.0,0.4201139088729017,8988411.0,6825355.5,8306762.75,290909491270.0,270890670416.66666,0.22642922208649335,0.09608849918675495,0.4332146826225763,0.4285162770451399,0.5978791382883473,0.6241602610536305,4471406414508.0,3710602270725.0,0.4208020454865293,0.4208020454865293,0.21443185363431538,0.2774982217161768,0.5329660969540172,0.14600403330252726,0.38559064924821407,0.4156372110234085,,,0.41780022432878877,0.593866681101308,1.537649525089836,1.537649525089836,0.4482160162978957,0.5957374222597874,0.6785918806422119,0.7836376775431448,0.12713667798241285,0.4264269709085192,1.188912513885593,-0.2948547042075396,28835109255467.0,28835109255467.0,48402380273658.0,2414.2379298249352,2414.2379298249352,19452.74495538771,3.2751760432669967,0.5949708422686703,47710682737676.0,-0.7725379913610352,-0.7731552624222783,-3.1248883461550916,-6386814845213.0,0.0,0.0,0.0,0.0,0.0,0.026886181533394,0.0,0.0,1.0,1482315700.0,1482315700.0,,0.0,0.0,0.0,0.0,2.0
SSI,20.809247776294917,2.675485201222139,6.607871996872604,85444652874000.0,0.06909090909090909,0.053763440860215055,-0.06666666666666667,-0.03764320785597381,-0.21660582482879906,0.49755501222493886,0.9584332533972821,1.0615665100624079,37757.0,18299.0,-0.22133644092486163,0.6066451718673151,30771145.8,30125532.9,35137216.45,969870889177.5,1093374918750.0,0.1401803618926778,0.046208894384591484,0.317544971731272,0.2269616520871932,0.6050364454618458,0.5140560539044935,5082973996371.0,4531472059930.0,0.5184002551493939,0.5184002551493939,1.7529843703058174,0.5160409007305164,0.6214829872263382,0.35383254092726474,0.49267169330265637,0.43259710994318445,0.14064867960124638,0.5051133300692536,0.43443899329322666,0.27946443579222385,0.19531576732488268,0.19531576732488268,1.8761274992699737,0.34094976592906523,1.9329833891367167,1.2143601512821018,0.16313041586158109,1.213531522250911,0.9195308304535037,0.322151596125849,32486081857402.0,32066318460762.0,94049979396183.0,1648.3056168520038,1648.3056168520038,12820.104546444149,1.4429788308994353,0.033434956614069304,89322786682359.0,-0.8062656457337272,-0.8062656457337272,3.4390008386658675,-10425608767324.0,0.0,0.023606616734202255,0.5054383363148589,0.5054383363148589,2075375509000.0,0.2754298496385139,0.0,0.12729173005689703,0.8719094746236158,2491097752.0,2077906262.0,1.2787997152932153,0.2931285646190838,0.004830121760807558,0.0,0.03225806451612903,3.0
VPX,15.313656409363897,1.61556506848283,6.909728620830746,54656250000000.0,0.037366548042704624,-0.003418803418803419,-0.06570512820512821,0.019230769230769232,-0.05357142857142857,-0.05357142857142857,-0.05357142857142857,-0.05357142857142857,33000.0,27300.0,-0.11666666666666667,0.06776556776556776,1489880.4,1311150.2,1733495.1,51431180767.5,49579652083.333336,0.16616141244309365,0.07238852988195942,0.45121350748118055,0.3894554457180451,0.7978674561888066,0.7643494576266305,4475583663738.0,4450261467777.0,2.658081288682199,2.658081288682199,2.147892519924279,2.185687276774467,2.665819456040316,1.2339753164538163,2.4844398972233726,2.666904167355599,,,2.669417962374567,1.733296307496051,0.9438714105291359,0.9438714105291359,1.1037813662018705,0.4633305436025138,1.1582863763410536,1.0077496004955082,0.0010079500301477782,0.8143879762472933,0.9809178904070055,3.0879581153480697,33831042194622.0,33831042194622.0,73017077466072.0,1903.5297136597333,1903.5297136597333,18043.2225037984,1.8625302077367367,0.20654771914266534,72714372656156.0,-4.430028745007845,-4.430028745007845,-4.81658572309823,-35041717537848.0,0.0,0.0,0.0,0.0,0.0,0.054380632533333334,0.0,0.0,1.0,1875000000.0,1875000000.0,,0.0,0.0,0.0,0.0,0.0
VIX,8.19778685046715,1.3654176108081928,5.356858300281115,44350208673200.0,0.06784660766961652,0.06470588235294118,0.025495750708215296,-0.02578179665213413,-0.43745143745143744,1.0093250444049733,3.008859357696567,1.349428868120457,33442.0,8405.0,-0.45876442796483463,1.1534800713860798,42774720.2,36904030.1,33556350.05,557883846635.0,566353766458.3334,0.2946532372792402,0.20759235782510657,0.6534517666772289,0.612286283889666,0.8645239217020624,0.8502437097008212,6717012326793.0,6676324820911.0,7.1559767756000205,7.1559767756000205,10.467974613249721,3.5049056315016514,2.8586453117545965,1.8182952727683699,6.627887722897137,7.253241898689255,6.767642444577892,9.921944582495072,7.240458503619815,0.7426542987511396,0.3371835177713276,0.3371835177713276,0.5281810830999168,0.6279372908321007,0.5925157091321438,0.7168705174995023,0.024050603501549337,0.48273852479764895,0.9858515674238623,2.9831282952548333,21454763077640.0,21454763077640.0,34167047236850.0,3532.6607679357394,3532.6607679357394,14009.628299698465,2.859869694119499,0.17254353079889045,33962186395621.0,-0.841764969070975,-0.841764969070975,0.12030388893228083,-6969094558676.0,0.0,0.0,0.0,0.0,0.0,0.09457328080905159,0.0,0.034665715000053235,0.9653342849999468,1531429858.0,1531429858.0,1.4775457243271888,0.55535573134695,0.0,0.0,0.08108108108108109,0.0
VCI,24.800636424287987,1.8926139474343415,6.682726724452835,33281325825000.0,0.0661764705882353,0.0603290676416819,0.037752728573984616,0.1598144296912494,-0.08652786090024255,0.16139367240688826,0.6287559674248806,1.2369639000308548,34972.0,23230.0,-0.17076518357543177,0.248385708136031,11000742.6,10799091.3,11883390.65,377323338122.5,427717230000.0,0.0977483330281647,0.048642368762191045,0.26945787237573654,0.29019300321128577,0.5199028587490444,0.5941934541181438,1629219547893.0,1495437044186.0,0.4735545497430354,0.47355455007245517,1.0282566280608474,0.34763019409109636,0.5278428019606314,0.4211526724295801,0.30892800924551195,0.48525156560343535,0.12793502933183604,0.08210530573352205,0.4956064018709681,0.35400482439543857,0.39133741956970514,0.39133741956970514,0.8919845799428169,0.5001934163246253,0.9992266338647696,0.8976834481597074,0.022876311315065817,0.6760776852863853,1.0700681543229773,0.2776144230604053,18009896539949.0,18009896539949.0,36005864835815.0,1578.584292386778,1578.5842927396777,21185.621150392893,2.0703420483686092,0.17291968307975975,35868914519259.0,-1.7651365989735457,-1.7651365989735457,-2.3269660604399407,-8790735982232.0,0.0,0.005980697480016515,0.13373921308020692,0.13373921305030892,179471939750.0,0.17234243383131395,0.0,0.18814033290201151,0.8118596670979885,850100000.0,722600000.0,1.1859174153634746,0.0,0.0062026234537402025,0.0,0.05434782608695652,3.0
HCM,23.27379501074222,1.94391509008583,5.340748559790699,27430899443400.0,0.04742268041237113,0.08085106382978724,0.08779443254817987,0.1479188321959597,-0.05733902393765077,0.29137221007677055,0.9539964612662513,1.143279048181588,29207.0,18317.0,-0.13034546512822268,0.3866899601463122,19111281.0,16663290.5,13131400.25,296799537227.5,302459074375.0,0.10503463256165564,0.03134618684036595,0.2294747615215151,0.22813944737602831,0.38623030769900757,0.3920389825499952,1474303180574.0,1201780530493.0,0.13366197051479284,0.13366197051479284,0.40493078669650906,0.20109070105839355,0.18338763209461303,0.3370247038186646,0.1527484444182563,0.13810157979930054,-0.2442253529901381,-0.06337947553566062,0.13796239785977926,0.48371232308307033,0.3924957119038447,0.3924957119038447,2.123966322279016,0.3127624691689871,2.1973145712048177,1.9356273033731857,0.0,0.9273336405033831,1.0127549677304124,0.5119600892029661,14543143996022.0,14543143996022.0,46499006209611.0,1091.3561792684181,1091.3561792684181,13466.414335452539,1.4498516000520858,0.11531502610948123,46331257961416.0,-2.2809722075426238,-2.2809722075426238,-5.456441074566436,-11715421266854.0,0.0,0.026783811275958854,0.5497356261671189,0.5497356261671189,647927966835.0,0.3402023106300206,0.10757634266722196,0.36513220568083893,0.6340902034017228,1079956671.0,1080797089.0,1.1880073615928122,0.7136472568009483,0.0,1.0,0.05128205128205128,3.0
VND,12.911150159331669,1.248986157801145,3.931713087524179,26107443422200.0,0.06853582554517133,0.055384615384615386,-0.05509641873278237,-0.13383838383838384,-0.2809224318658281,0.30081917475728154,0.3181154407808777,1.3899108138238574,26800.0,12263.0,-0.36007462686567165,0.3985158607192367,12390627.4,12275153.7,13104876.85,207191633662.5,219549229166.66666,0.10019413681098777,0.040442794914548524,0.3045207467192605,0.23957600865366124,0.6157155049084501,0.6197256932006906,2508128947106.0,2154593199351.0,0.17670831821772162,0.17670831821772162,0.36080445095738256,0.24700284579797177,0.177481490956845,0.029278122661627225,0.2765228482080725,0.1995486256186603,0.17670831821772162,0.36080445095738256,0.20102473955862693,0.16557542481795887,0.06025035284619828,0.06025035284619828,1.2659901166542233,0.4048683444388332,1.4699387189335527,0.6850292896284044,0.4094294334347131,1.0796381531737442,0.9804837224538261,0.17946991793991407,20902908538364.0,20902908538364.0,51628903137232.0,1328.309235688399,1328.309235688399,13731.136964874599,1.7650534078486,0.05577995886798734,50579456377684.0,-0.6679283906924739,-0.6679283906924739,3.0582418728896044,-4435192060534.0,0.0,0.02570694087403599,0.376418371992177,0.376418371992177,761149954000.0,0.11312976144124486,0.0,0.24180926648844692,0.7581891392158969,1522299908.0,1522299908.0,1.3472086154971095,0.17418241081846,0.0,0.0,0.15178571428571427,2.0
MBS,18.94109686030683,1.829392127857489,5.885537995124862,21419974974000.0,0.07,0.08629441624365482,-0.014324535949518677,0.015806711919115205,-0.23962478681068788,0.24927028604786924,1.4728449272012942,1.841965471447543,31088.0,15720.0,-0.31163149768399384,0.361323155216285,4845714.4,5648026.2,5137211.8,119156187480.0,143550228333.33334,0.1551871131765699,0.04303060408810727,0.3107284672335243,0.30327024018199444,0.6953082131722877,0.6944882899704788,1415006331708.0,1120338403714.0,0.5209041058934444,0.5209041058934444,0.8639504406358106,0.16634504538897735,0.3408311180552551,0.4423240505890159,0.47934426231496297,0.5082110227025346,0.3225882704204994,0.6209036321733494,0.5204592242182934,0.390588105506295,0.15723437772451207,0.15723437772451207,2.217697993124084,0.2597710210539996,2.8495440944204717,1.8812962582407204,0.8082095238120325,0.7751578823087685,1.5792848889554791,0.35657624808901717,7994798664717.0,7994798664717.0,30776329985842.0,1716.9063002103467,1716.9063002103467,12137.808783181825,1.4406357347566283,0.12597680487101054,30570217920387.0,-1.1548267778792973,-1.1548267778792973,2.608076042672322,-4202905614061.0,0.0,0.040078797390053066,0.6069339555767913,0.6069339555767913,686365221360.0,0.03026699133572243,0.0,0.0031243647455528505,0.3129682409783399,658696746.0,589992834.0,1.5169133685536327,0.3556282905223616,0.0,0.0,0.09411764705882353,2.0
SHS,12.455537328113646,1.3275397922226368,4.560402473431855,16729997292000.0,0.08139534883720931,0.06285714285714286,0.010869565217391304,-0.05583756345177665,-0.3007518796992481,0.8317904274177664,1.31372061201642,0.846703733121525,29200.0,9901.0,-0.363013698630137,0.8785981214018787,15524657.6,17001094.3,16439866.55,273711426145.0,300416937916.6667,0.11446324909744295,0.07468353099603035,0.3661345434803907,0.13765949708840244,0.569590554969575,0.2967831271194745,1649368012380.0,1569855925175.0,0.3225269804160991,0.3225269804160991,-0.06897944587372004,0.8422764228904642,1.8975630226776097,0.6030597327509754,0.4660896683760029,0.3338335136819655,0.19705372107420935,-0.1521793065635112,0.3308967324883986,0.6418873362869045,0.12408090523029844,0.12408090523029844,0.6522641278183702,0.5471656397965708,0.8276001401911625,0.7219122474907923,0.0,0.8814155456570566,1.157982375955512,2.8393274170948155,12602256738376.0,12602256738376.0,23031886181781.0,1493.3117303592808,1493.3117303592808,14010.879454587875,2.241165646032411,0.08634201732972373,22932727930843.0,-1.696322744305545,-1.6963109494073403,-1.1542035753923747,-6223019806678.0,0.0,0.043886076859812384,0.6054015145884015,0.6054015145884015,813161683260.0,0.0682439146804854,0.006384022443988809,0.05446207957461515,0.9455379204253849,899462220.0,899462220.0,1.631134952490788,0.0,0.005743577881200127,0.0,0.06593406593406594,2.0
EVF,11.863417188263485,1.0742793105689799,,10609892937900.0,0.03333333333333333,0.010869565217391304,0.025735294117647058,0.25112107623318386,0.007220216606498195,0.6354044548651817,1.1012200632625395,0.7428785607196402,16250.0,7940.0,-0.14153846153846153,0.756926952141058,8914487.6,10787653.8,12846736.9,180507829000.0,186786699375.0,0.09453738585925939,0.012959854108134362,,,,,1104225000000.0,958107000000.0,0.5946895806512583,0.5946924241424626,0.20697972642892037,,,,,,0.5946895806512583,0.20697972642892037,0.5690051067530202,0.3936269031730481,0.09648971465900345,0.09648971465900345,,0.11890811496204864,7.409854956654265,,,,,,41045730560000.0,9876289000000.0,83058158000000.0,1175.8837928923867,1175.8837928923867,12985.449745477776,,,,,,,1546431000000.0,1.0,0.0001156557403365572,0.0009258254997836386,0.0009258254997836386,828000000.0,0.004584519828305401,0.0346294060694567,0.01810750491776647,0.9818924950822335,760565802.0,760565802.0,1.2775862320960347,0.7813218688910298,0.0,0.0,0.1,3.0
DSE,38.10616087363753,1.942127026284811,7.123239389375711,10385057795500.0,0.05434782608695652,0.021052631578947368,-0.00205761316872428,0.07305632992610292,-0.0893044915126934,0.33896526972558116,-0.034018483110261316,-0.034018483110261316,30349.0,17080.0,-0.2009621404329632,0.41978922716627637,273630.4,291345.2,322222.6,7585541250.0,8090441250.0,0.06530992604787367,0.02167678601264282,0.1869314364413888,0.02132421090680072,0.39829754219156954,0.2335588186479912,340225022364.0,248589183390.0,0.4993051044432613,0.4993051044432613,-0.7197635180053832,0.8056609029197305,0.8587069902684795,0.467838545645099,0.49685826374200065,0.5887065300931175,0.44416428624132004,-0.7300656445855126,0.4954848420287128,0.4232272147521814,0.06762857069090267,0.06762857069090267,2.1729774342206665,0.2841842516038865,2.51884382880534,1.355589036527906,1.0602976062741698,0.49048654873322367,1.2299713919708026,0.43293620423598966,4302329810995.0,4302329810995.0,15139226704905.0,795.4746837069468,795.4746837069468,12557.88035900467,1.2900551673672356,0.051875204426303195,12270836390601.0,-3.1917823241026575,-3.1917823241026575,-3.0186529228649115,-4653338473490.0,0.0,0.018452536720548075,0.0,0.0,0.0,0.11324666666666666,0.0,0.013546707530647985,0.2923709807355517,342600000.0,342600000.0,0.9951755950461884,0.0,0.0,0.0,0.06153846153846154,2.0
FTS,25.632279749758325,2.300858305203095,8.43394281038516,10169716564150.0,0.03527336860670194,0.07312614259597806,-0.015100671140939598,-0.10244648318042814,-0.18698060941828254,-0.20025068802964657,0.8870957371568187,3.156046445766072,44100.0,23950.0,-0.3344671201814059,0.2254697286012526,1310727.0,1127533.5,1001451.75,26927845175.0,32106716250.0,0.09297079225740615,0.03342381294224415,0.3290360004152451,0.34591842262770905,0.4857360804005981,0.5034279335883765,510693580825.0,334739365569.0,-0.30064861601761467,-0.30064861601761467,-0.1971990699673783,0.05058561903658395,0.1616995610978417,0.13310312422660978,-0.21083630989939706,-0.22953081775775472,-0.382550183718043,-0.29121569197879577,-0.22992435593255145,0.42626096723759727,0.07333648312003936,0.07333648312003936,1.981485619160271,0.31753360251831125,2.1492729968392332,1.8661105024576297,0.0,0.48188135294091566,1.108962760143106,0.5993802449223528,4419966471274.0,4419966471274.0,13919681054918.0,1145.0405616096916,1145.0405616096916,12756.109289141687,1.4475002231257887,0.30663566759261723,13750838979456.0,-0.7265127053583686,-0.7265127053583686,4.562356801241166,-876034905602.0,0.0,0.013319148018845388,0.3838547349447618,0.3838547349447618,152296007000.0,0.24894253577081882,0.0,0.022980971876233783,0.8661580649948266,346498009.0,346498009.0,1.1741129844260683,0.0,0.030218878151652633,0.0,0.14285714285714285,3.0
BSI,18.887071827724316,1.6867428010547076,4.4459032449277816,9323905834000.0,0.02981029810298103,0.02425876010781671,0.005291005291005291,-0.04040404040404041,-0.18015102481121897,-0.15895710681244743,0.8847336573752604,2.4576888080072794,57000.0,31850.0,-0.3333333333333333,0.19309262166405022,604516.0,495458.0,386584.0,13836589352.5,14939371875.0,0.09358203522860614,0.034531320326236965,0.23539399254052945,0.16805795941441234,0.57227078361451,0.5600515102488585,616205529645.0,555362240089.0,0.19511054970003217,0.19505994684762737,0.04289884936105289,0.4866602604674793,0.7759675847178725,0.303566221205469,0.38703336580034725,0.19820613529101114,0.08646780286286314,-0.05190693718007205,0.19492506400304957,0.6119886054354146,0.09203620446214665,0.09203620446214665,1.7373192140147975,0.33244168059370455,2.0080463984362886,1.6892635039644068,0.20593827842375215,0.7819975930569651,1.2127739487188836,0.969203367046929,5527757894191.0,5527757894191.0,16627752225049.0,2011.9582509460165,2011.9590660509882,22528.627349847815,1.4650545553599725,0.0958979509947421,16233651625008.0,-2.0261929423839837,-2.0261929423839837,0.5357396478251033,-4249312491867.0,0.0,0.0,0.0,0.0,0.0,0.35776785967727226,0.0,6.185091442084675e-05,0.23768449438980238,245365943.0,245365943.0,1.218955697401044,0.0,0.0,0.0,0.22988505747126436,1.0
ORS,72.66114301217634,1.127281676107518,5.801349549140534,8610246475200.0,0.026022304832713755,-0.007194244604316547,-0.0547945205479452,0.04150943396226415,-0.04827586206896552,0.7737789203084833,0.4883520276100086,0.31503716409376786,16600.0,7240.0,-0.1686746987951807,0.9060773480662984,3072374.4,3060557.2,2896538.6,38634668377.5,47315075625.0,0.025515781465694387,0.00974897386941295,0.07984115455173009,0.2502618278653136,0.5174659026053084,0.7097146193926737,147505078037.0,97451160290.0,-0.6874305838084025,-0.6874305838084025,0.37727513297901827,-0.28547139347125283,-0.21498742618016828,-0.274664541441947,-0.3057353830966486,-0.6766149333627968,-0.6874305838084025,0.37727513297901827,-0.6936231663006461,0.28024832189658866,0.9482747312760321,0.9482747312760321,0.2678690227926847,0.5327744492224463,0.8769668880695057,0.1911584799507243,0.17129860829998636,0.2695281281443213,1.148216440876364,-0.41509433962264153,7638061238546.0,7638061238546.0,14336388033798.0,352.674787313751,352.674787313751,22732.342502256022,5.3060901709082575,2.2192978122586893,14296526527256.0,1.329651672687646,1.329651672687646,6.195534785301992,1973442305282.0,1.0,0.0,0.0,0.0,0.0,0.0017825757682201561,0.0,0.0,1.0,335999743.0,335999743.0,1.191149080616839,0.31733384539531845,0.0,0.0,0.14285714285714285,0.0
CTS,10.701504083073399,2.163852921602513,2.948096532163525,6178744373900.0,0.058287795992714025,0.033807829181494664,-0.047540983606557376,-0.09501557632398754,-0.3050239234449761,0.26844817046546154,1.3602534936626585,2.3759442184776294,44900.0,21329.0,-0.3530066815144766,0.36199540531670493,908903.8,909581.9,835290.95,22615901232.5,24602256250.0,0.22578421836081086,0.054731617425002745,0.27548431596886813,0.06287178816308114,0.5947796467145691,0.5093475290925878,714652851935.0,600181393128.0,1.4985055363464694,1.4985055363464694,-0.5677795289849552,1.030369133532637,2.0040737948226117,0.46625013194004716,0.8432904524199697,1.5048872553624573,0.7472259463892016,-0.697744587501556,1.4866872900550723,0.4268251439114563,0.26744422493801706,0.26744422493801706,2.9497954512884808,0.23007861449140563,3.346340498487981,1.738526822202796,1.247659230999841,0.9743191862395223,1.3018425798291713,0.33051600835486233,2855436389514.0,2855436389514.0,12410698820601.0,2714.571687726445,2714.571687726445,13425.126869753265,1.2913893220954875,0.07679092804343769,12312369495806.0,-0.7868150077179434,-0.7868150077179434,0.4278688739724518,-1649039897167.0,0.0,0.0,0.0,0.0,0.0,0.005569091206522434,0.0,0.5843231761892047,0.4155030733736222,212693438.0,212693438.0,1.3478649953846276,0.0,0.0,0.0,0.0,0.0
VDS,14.491971911188594,1.3534357323111155,3.9382987523585737,4103055000000.0,0.06968641114982578,0.026755852842809364,-0.0943952802359882,-0.08083832335329341,-0.30699774266365687,0.10718407386035776,1.1198729457257286,0.8449519230769231,25250.0,12046.0,-0.3920792079207921,0.2742819193093143,710050.0,797095.0,848777.5,12464007695.0,13999903333.333334,0.09603247660132651,0.0399287196616398,0.27175727199125965,0.06226578626625032,0.47974398588749784,0.26843009458616346,346792272212.0,228943972143.0,-0.022909979314728775,-0.022818024893522408,-1.3727151989192306,0.05517655368189322,0.44800639371342404,0.16691156358670678,0.056601557510505836,-0.02367097731376728,-0.11173634483157162,-1.3220995546215573,-0.024877935719643907,0.2699716230707695,0.10383170454874482,0.10383170454874482,0.6191964529933869,0.38159791377944313,1.6205594000652277,1.2918248269410786,0.0,0.6000804850812429,1.8349380029964912,3.895331632653061,3166674363361.0,3099129510066.0,8121452969623.0,1059.2071316498316,1059.3068141526376,11341.506385226337,1.3855816947362847,0.19910496179275972,6925802937636.0,-0.8161600651447197,-0.8161809386099353,-0.27003198449958404,-850325354079.0,0.0,0.0,0.0,0.0,0.0,0.0073125552646019385,0.0,0.2942760050956039,0.6304768015493317,267300000.0,272000000.0,1.3361697286545333,0.0,0.0,0.0,0.03669724770642202,0.0
DSC,13.761921211692249,1.2512032826310118,5.449176217536039,3787215269600.0,0.030303030303030304,0.034220532319391636,-0.03546099290780142,-0.08108108108108109,-0.23595505617977527,0.14738884670547542,0.02921144240956561,0.343607982612132,19135.0,11044.0,-0.28926051737653513,0.231437884824339,26292.2,25796.1,29268.05,377638042.5,533706875.0,0.10577742265047303,0.04541191669469146,0.3959604283235085,0.23967539120695677,0.782433368650343,0.6730523853356956,344026748235.0,327537498876.0,0.5563594283926355,0.5563594283926355,0.6439700498335418,0.38142353251735167,0.6115825729266438,0.26445199865115765,0.6106695030156483,0.5619483490176068,0.15928398327940532,0.2245424244522724,0.5589022564739885,0.2188543206353832,0.2603434902423125,0.2603434902423125,1.301297586606299,0.428736056245446,1.3324373712751434,0.9532966282789624,0.14280532417392586,1.093043749593739,0.981555358318106,0.17919762828885444,3026858482689.0,3026858482689.0,7059957842585.0,1000.7103030626072,1000.7103030626072,11006.761681057416,1.7439307128419683,0.07567976285941355,7021023311550.0,-1.6231620690291384,-1.6231620690291384,-3.5920702649947662,-1128108897099.0,0.0,0.0,1.2653753552767077,1.2653753552767077,348225280000.0,0.00013989095436470886,0.0,0.3379088729959625,0.6620911270040375,274999911.0,274999911.0,1.0247911570612995,0.8395097044697761,0.0,2.0,0.0,1.0
AGR,24.61944398066726,1.3603301955744236,7.24706884722156,3493170172800.0,0.05154639175257732,0.026845637583892617,-0.02857142857142857,-0.05263157894736842,-0.13802816901408452,0.1070110701107011,0.7362687244666364,0.44149236856981344,20550.0,12877.0,-0.25547445255474455,0.1881649452512231,443221.6,467430.8,518985.4,7548705615.0,10618912291.666666,0.05683715290387806,0.04020338115593645,0.29436362790777953,0.23535788767939952,0.6642671524776969,0.7716483080681449,176347411875.0,71675903394.0,0.04982960136464664,0.04982960136464664,-0.3262444851632749,0.1673893882190994,0.22854487738905255,0.1549773713807942,0.06399203779174895,0.042148034946627326,-0.009581867897658672,-0.3643733443686149,0.046300309309835065,0.2769410742704995,0.05125350752259104,0.05125350752259104,0.6643602226197179,0.5791571533629234,0.7266470666785659,0.9506502587022042,0.0,0.13899497472175054,0.9531810190742828,0.9329254475413551,2567884021221.0,2567884021221.0,4433829412812.0,621.4600139635373,621.4600139635373,11247.26926578242,2.091231703405412,0.07839302181651443,3898135174210.0,-2.298481683550651,-2.2966974935741247,-3.7928020993123694,-1107894492100.0,0.0,0.041017759321625484,0.0,0.0,0.0,0.00429805161688889,0.7068289187984803,9.33372600682182e-06,0.999990460415184,228311776.0,228311823.0,1.1466023847388795,0.0,0.0,0.0,0.1875,2.0
TVS,10.970706385202273,1.0696303937131626,3.11876898706908,3142158838000.0,0.05660377358490566,0.037037037037037035,-0.034482758620689655,-0.04436860068259386,-0.15703275529865124,0.07866553663610448,0.18473385800118475,0.42305346615165684,19080.0,12078.0,-0.2662473794549266,0.15913230667329029,95291.8,78395.9,109987.95,1478053195.0,1950702291.6666667,0.11307827144472674,0.03945518518959525,0.2842815109221955,0.042746624848363064,0.5977122272594759,0.4117990943822065,353087422667.0,294083760011.0,0.019710839675558083,0.01969170721137194,-0.9066670732552276,-0.12353992286109143,-0.20499107934866315,-0.13042837544836378,-0.2561500883200426,0.029211625357792533,-0.15023816908911483,-0.9222223049623129,0.02703707567925794,0.03460303249602999,0.25925713975908077,0.25925713975908077,1.4322609953516992,0.38467506917390953,1.5995965949847024,0.15341047643607025,1.2828539930551488,0.5566275578125754,0.9944926198907905,-0.09505954376301264,2941026468514.0,2939319121070.0,7641043978707.0,1429.2544277733643,1429.241982979013,14659.204496255818,1.636928480031207,0.22091229493733083,7176437172654.0,0.6450682384077592,0.6450682384077592,2.51671165188145,649906060638.0,1.0,1.314611786234018e-06,0.0008770901547677661,0.0011895857409022798,251210495.0,0.17188149791299046,0.0,0.47218669867260127,0.5278133013273987,200393669.0,200393669.0,1.047167583368632,0.18960683648562437,0.0,0.0,0.14285714285714285,3.0
BMS,28.872758090993255,1.3802654125291822,5.775064977468334,3052871800440.0,0.025342465753424658,0.004697986577181208,0.07697841726618705,0.16046511627906976,0.06170212765957447,0.677123011427291,1.8197400640421926,1.5922077922077922,15500.0,8746.0,-0.034193548387096775,0.7116396066773382,181852.0,178218.3,182025.65,2594836555.0,2551969166.6666665,0.09133743709575476,0.052550572354086146,0.20001778005648316,0.11720359178781578,0.42052968669868757,0.2649386382016498,131016689236.0,110100713716.0,0.2967800154958151,0.2967800154958151,0.22618911234923106,0.8084118783405052,1.1532100621829087,0.35729252020867475,0.2828023242317939,0.3041731987794778,-0.5478121139059698,-0.5724271996490345,0.29353674704791566,0.4611029867926824,1.5584026894110679,1.5584026894110679,0.04521203321836997,0.8588252988823664,0.16438116261986183,0.05681621802985578,0.0660281484742953,0.4780042927162543,1.1098575544801281,-0.7653903903903904,2211800551349.0,2211800551349.0,2575378897463.0,518.4818143393732,518.4818143393732,10845.74014831622,11.213449154429929,1.84925542366931,1680756022539.0,-0.9243455946194135,-1.7781659841645479,-3.7318746653142543,-270202098158.0,0.0,0.00011539972891994385,0.0008349656205017162,-0.00037900796958775275,88285400.0,-0.6128484270385499,0.0,0.0,0.8348150545308458,203932652.0,78932652.0,0.9865317546911334,0.0,0.0,0.0,0.0,2.0
BVS,9.132852390523652,0.7717904707429296,1.8619774599826486,2050484118000.0,0.06367041198501873,0.02527075812274368,-0.05647840531561462,-0.0627062706270627,-0.22855435432172544,-0.02075718915936832,0.548021367055489,0.3062876592613035,42185.0,24300.0,-0.326774919995259,0.16872427983539096,264880.4,256290.8,261294.7,6936656620.0,8101447083.333333,0.08688740223742097,0.03530442016073745,0.2038768809966377,0.11268369824975617,0.5602902315741641,0.4727845854221256,265060173195.0,199283936164.0,0.12284594647910017,0.11925426956960916,-0.5055026844278637,0.11173948207985764,0.15188740935624423,0.12483174565691937,0.2034492315465767,0.10262043459880686,0.12443572871404018,-0.5004470476358868,0.10015616382131073,0.24949801923453888,0.07328838676651453,0.07328838676651453,1.532063547813892,0.37776039860802085,1.6471806035911127,1.715283690035871,0.2962592944347799,0.2043809583733253,0.9985800391180862,0.3994503231000061,2656788591891.0,2656788591891.0,7032999228296.0,3109.6527991044895,3109.6527991044895,36797.55202556726,1.4962454208711076,0.08408687315834763,6479776240903.0,-0.6132218075977672,-0.6126025057379964,1.7986932855058064,-675304403149.0,1.0,0.02695530299668685,0.25212420795614127,0.25212420795614127,56606267360.0,0.013993228695259957,0.0,0.001481298188135585,0.34864016895548694,72200145.0,72233937.0,1.4466948483211466,0.0,0.0,0.0,0.06349206349206349,3.0
AAS,12.927627171156882,0.7710932137665711,3.777023661596287,2044235742648.0,0.058095238095238096,0.02160919540229885,-0.06442105263157895,-0.08371134020618556,-0.22035087719298246,0.3466666666666667,0.3436130007558579,0.5041462176341175,24100.0,6500.0,-0.6312033195020746,0.36738461538461537,1197352.6,1116871.4,1389729.05,11794920425.0,13740967916.666666,0.06147361343930744,0.03409126402982625,0.2921668154248205,-0.031987480312473525,0.7692992736382506,0.7168240576783713,207262877007.0,191737066289.0,1.1467038317170748,1.1467038317170748,-3.0350746108491036,0.32064636145804487,0.09917124226723167,-0.02756133379525866,0.6823362814927683,0.9033497298280139,1.1467038317170748,-3.0350746108491036,1.0103845955140833,-0.15611475265565922,0.063266571780907,0.063266571780907,0.5500056330015567,0.6214053618458188,0.609255505986633,0.04192590275598361,0.10121368324430967,0.5298101477177496,0.16838099589766142,-0.3773519815340527,2651087710476.0,2651087710476.0,4266277494937.0,687.5198272912925,687.5198272912925,11526.49231159051,2.635289781164132,0.05698897547066654,4023922290130.0,1.352695095797141,1.352695095797141,-1.7019556134054412,732118173325.0,1.0,0.0,0.0,0.0,0.0,0.0010639369983731402,0.0,0.02468306879647806,0.9753169312035219,229999521.0,229999521.0,1.362491872191339,0.5488724624395139,0.0,0.0,0.14285714285714285,0.0
VFS,12.497908427752927,1.0743200783976916,3.65675615039389,1861566978600.0,0.031007751937984496,-0.06993006993006994,-0.11920529801324503,-0.125,-0.2810810810810811,-0.02933878265946577,-0.30653318734032015,0.7252561940588922,27264.0,12800.0,-0.5121772300469484,0.0390625,1863592.2,2574011.2,2339758.1,32510777260.0,34121174166.666668,0.08994968841323576,0.029440867731069763,0.2925894497893484,0.2648980341536362,0.8293079775397411,0.787896995351095,185775137395.0,165604248830.0,0.18996039272835583,0.18996039272835583,0.11906288437952277,0.8250199554363015,0.7127218129203265,0.6098141367799798,0.929953461747341,0.1911468291590691,0.020203306476106762,-0.04058012201478446,0.1901925048447924,0.25315285762020373,0.08919564773061169,0.08919564773061169,1.6675242698072368,0.37154777073749745,1.6914439508412793,0.9622794463159189,1.0257097528767423,0.06688050852846116,0.9183734325230928,0.3759347619047619,1732786174281.0,1732786174281.0,4663696866870.0,1064.1780644244395,1064.1780644244395,12379.923141561736,1.3104360732884224,0.04507220671954863,3827834859322.0,-1.4706555049515633,-1.4706555049515633,11.931175949334879,-748675496073.0,0.0,0.09324036718678126,1.3405440928058572,1.3405440928058572,199674420000.0,0.011890329466762706,0.0,0.2549369731283651,0.584568559879804,139967442.0,139967442.0,0.3916075310788724,0.0,0.0,0.0,0.043478260869565216,1.0
TCI,103.11860107822078,0.862923074016439,3.0579799440267217,1208239073800.0,0.05342741935483871,0.14835164835164835,0.1875,0.101159114857745,-0.13991769547325103,0.2981366459627329,0.6371612094626351,0.9731873111782477,13400.0,7490.0,-0.22014925373134328,0.3951935914552737,319550.4,207715.2,142812.6,1329851153.0,1324822791.6666667,0.008897971385084434,0.004143902214933087,0.029654978947077512,-0.9332827285960943,0.3013517329937777,-0.9995646425805088,14464944019.0,-37034756519.0,-0.7934992809749618,-0.63382810829296,-86.45655524153628,0.7267543810071915,0.8110196104019635,0.5398521741284404,-0.21991335169939819,-0.7129920152026543,-0.6338285939524048,-86.45655524153628,-0.7538738362182178,0.36125693928466773,0.12256696290223996,0.12256696290223996,1.126980942073533,0.46474857674700687,1.1517010487680643,0.581582933579983,0.7358614928478362,0.5641853649763333,0.8956176410684701,2.214649033570702,1403781501181.0,1401975793036.0,3016632784223.0,101.33962147210605,179.6975422553993,12110.001823639872,1.7895777443153569,0.12280513739458004,2883960890616.0,-3.000007816064944,-3.000007816064944,-4.056157432994875,-1185333694603.0,0.0,0.0,0.0,0.0,0.0,0.0511746035952442,0.0,0.3793941209485159,0.0032984329727608914,115620964.0,115620964.0,0.9236576799755299,0.0,0.0,0.0,0.0,0.0
APG,219.06292872241553,0.502186293570121,3.4494206914392147,1196377389700.0,0.0594059405940594,-0.07758620689655173,-0.47549019607843135,-0.4880382775119617,-0.5427350427350427,-0.4081858407079646,-0.2507002801120448,-0.08453114305270362,13000.0,5050.0,-0.5884615384615385,0.0594059405940594,1419974.2,1092047.1,1735558.55,10331049556.5,8901646625.0,0.0022741397411302857,0.0012163696900457433,0.015746254793343562,-0.21539058498559044,0.5520389163820978,0.8914735130432296,36429840691.0,15121727254.0,-1.9304530071103203,-2.0548790729170396,-1.812893023505792,1.9893890414995685,-1.078798745379322,0.7138746824534205,-1.54074011037644,-1.8698724683289683,-1.6391948688650027,-1.558434488996663,-1.8697107950080114,1.1282634088890697,-0.008329157607602106,-0.008329157607602106,1.2460576540752764,0.41893624199261753,1.3869980673995301,0.3320135461118768,0.8580437250312596,0.09604319882713602,0.5500702564203389,10.874121000094993,2382337799773.0,2382337799773.0,5686635723951.0,24.422206126803065,24.422206126803065,10653.417005800799,1.4518061677545095,0.04966374884151947,4361626316358.0,-7.437317054231299,-7.432291954188095,9.531498221514166,-2579516608628.0,1.0,0.0,0.0,0.0,0.0,0.28506061359578033,0.0,0.2648049492388363,0.6398108509405576,223621942.0,223621942.0,0.6861953357586096,0.0,0.0,0.0,0.11764705882352941,0.0
ABW,6.234131326292568,0.6763143057824277,2.010290212122935,1079573950000.0,0.04637254901960784,-0.0025233644859813083,-0.07991379310344827,-0.07991379310344827,-0.06377192982456141,0.6171212121212121,-0.24374690002125698,-0.24374690002125698,13300.0,6300.0,-0.1975187969924812,0.6941269841269841,101593.6,91004.7,123757.9,1284068340.0,1857605000.0,0.11445843203183204,0.0441943680461973,0.32246516906766115,0.3448793726778231,0.7930427614502473,0.8166707463732306,219541462526.0,161201904030.0,0.6779688705886292,0.6779688705886292,2.4254435916353145,0.4152469919340658,0.7991278377816299,0.35563910584415404,0.5755478596948039,0.6402669962252542,0.6779688705886292,2.4254435916353145,0.6666669599370612,0.390552390197585,0.11173316743314944,0.11173316743314944,1.8944397912928512,0.33861895947377796,1.9531719120335853,0.9805712806325108,1.120478550583596,0.28356138983107737,0.951333788497559,0.5968624072208246,1596260704187.0,1596260704187.0,4714032275888.0,1712.0268151853684,1712.0268151853684,15781.124114552644,1.2978664211355362,0.03947594038323752,4032869894864.0,-2.2515840736824746,-2.2961718921032164,-2.177677451078773,-1209154527801.0,0.0,0.0,0.0,0.0,0.0,0.010392486406327237,0.0,0.005460454770143352,0.536017380128522,101150000.0,101150000.0,1.3352539078071846,0.0,0.0,0.0,0.0,0.0
OGC,13.365689209787528,1.2004449572542755,0.7858717446696563,896999997010.0,0.010135135135135136,-0.019672131147540985,-0.065625,-0.1940700808625337,-0.27427184466019416,-0.2829736211031175,-0.6523255813953488,-0.6195928753180662,5260.0,2800.0,-0.43155893536121676,0.06785714285714285,187669.6,230864.8,313137.4,928436658.0,1062126125.0,0.03777734352685158,0.014860376766061802,0.05879769702367254,-0.07111281640265807,0.4701845365339282,0.2334381838220213,265668500235.0,-193928856168.0,-0.4374404052413371,-0.43743990229841195,-1.1345077592669226,0.13358681742851752,0.16139936992084633,0.07807331653159719,0.12322030256532188,0.8335820203354677,-0.2871523569775082,-0.9270941154666531,-0.3617448049786731,-0.01321966619596017,0.09448018904921715,0.09448018904921715,0.6688005837167146,0.42681907069702796,1.3429131185889236,,,,-0.5857305883848938,-0.10895743168172176,3070594165175.0,1898921787631.0,4449008767415.0,223.70713197569043,223.70733197569112,2490.743104822477,0.8418964326277902,-0.15289782550777944,579013136676.0,0.161196349061787,0.161196349061787,0.8137637738310666,183990740992.0,2.0,0.0,0.0,0.0,0.0,0.0026590533333333334,0.2124162,0.0384748,0.31565686,299999999.0,300000000.0,0.8733156565610053,0.0,0.0,1.0,0.0,1.0
EVS,70.89352840077682,0.4330740386608356,3.105669609831088,856963213600.0,0.04,0.0196078431372549,-0.037037037037037035,-0.11864406779661017,-0.2777777777777778,0.061224489795918366,-0.14233877618340757,-0.4416407172769247,9000.0,4700.0,-0.4222222222222222,0.10638297872340426,123412.4,118467.7,120667.45,613790360.0,683300416.6666666,0.0061251522477569825,0.005086518885997243,0.043807519245960644,0.07087096888148453,0.28038592115140276,0.4508031490680786,17819158122.0,-27190384002.0,-0.2962678618413886,-0.29626786185863646,-0.6379695364820073,0.09674110678364908,-0.3607446732843516,-0.12316852091521242,-0.2852176785894218,-0.06853405336508304,-0.2962678618413886,-0.6379695364820073,-0.16434743183180936,-0.04840322551907725,0.005707153430974622,0.005707153430974622,0.15681573232824947,0.8429182474301016,0.18635467086969706,0.046690143784528716,0.0,0.43449471652889615,0.4242375537726112,-0.32719367774512514,1978791470045.0,1978791470045.0,2347548503165.0,73.34943142628264,73.3494314202147,12007.184767019502,6.31073842677376,0.3721893238451898,2298087722425.0,0.6518095326703572,0.651313698004312,1.051078841672788,179857120024.0,2.0,0.0,0.0,0.0,0.0,0.0002234214922664914,0.032038714806275785,0.27737455450561477,0.7226254454943852,164800618.0,164800618.0,1.3346784247632029,0.0,0.0,0.0,0.13636363636363635,0.0
SBS,,3.43086567988116,5.715873937087286,797545344000.0,0.046153846153846156,-0.01090909090909091,-0.06206896551724138,-0.09333333333333334,-0.1880597014925373,0.5111111111111111,-0.08801341156747695,-0.36544966756094716,7600.0,3600.0,-0.28421052631578947,0.5111111111111111,626639.8,913001.4,668162.0,3545411960.0,4199628333.3333335,-0.16993306995262647,-0.08194951747673837,-0.29175568183534,-0.1587597810753686,0.3364143328672077,0.4661815544774602,-38373661014.0,-75518308301.0,-132.7748575481821,-342.61167374281774,,0.11919402398140255,0.3354365393097823,-0.013925566553607972,-0.07770582181237175,-197.33404986968344,-132.7748575481821,,-137.50453612044018,0.2493907673026628,-0.1490244356101236,-0.1490244356101236,0.0,0.3665510398413192,1.7281330328046605,2.1586696503310945,0.0,0.10752861738725385,2.569631727464006,,232461838619.0,232461838619.0,634186820803.0,-277.67423261140624,-277.67423261140624,1585.6056481314747,1.5121103486273466,0.17291541601442115,607370779389.0,0.15925262889833053,0.17541566645702603,1.8435791653668416,24476038063.0,2.0,0.0,,,0.0,0.007011375945039684,0.0,0.0,0.862217238396918,146607600.0,146607600.0,1.480282149924698,0.0,0.0,0.0,0.18088737201365188,0.0
IVS,57.033655796926546,0.6341095603645134,6.961994861159856,744955685600.0,0.014285714285714285,0.014285714285714285,-0.10126582278481013,-0.1744186046511628,-0.297029702970297,-0.1839080459770115,0.2033898305084746,-0.2828282828282828,11600.0,6900.0,-0.3879310344827586,0.028985507246376812,57176.8,77677.0,70599.9,502208335.0,548947083.3333334,0.011923367526417308,0.010077648248278413,0.12206818524747326,-0.14224339692008353,0.7601232089780465,0.7477212766187468,17852271449.0,-27076083851.0,-0.2369804642601492,-0.2369804642601492,-3.9309599325198703,0.4314518211745438,0.6838037557905438,0.17989047879699901,0.5273546954760319,-0.1712271051025489,-0.4956755396763342,-2.9372436968669486,-0.17132696612776005,0.6956826476175679,0.5212573272918644,0.5212573272918644,0.30375229156594086,0.7627844576679466,0.3109863342749408,0.6128678705730345,0.622230419321011,0.028795420980460795,0.9555491678752093,1.7815669064860356,1174805951785.0,1174805951785.0,1540154548215.0,124.48789930773836,124.48789930773836,11196.803271533418,4.146534541252186,0.024860345184712442,1514930574695.0,-5.674222431593924,-5.674231793781058,-5.607721446308536,-607160288125.0,0.0,0.005041237117921807,0.39280926351692264,0.39280926351692264,5130751135.0,0.8508751570765917,0.0,0.3369126578285692,0.6630873421714307,104923336.0,104923336.0,0.9191253669553031,0.6985956494559457,0.0,0.0,0.0,1.0
APS,,0.677869796838719,2.886866602423094,522900000000.0,0.03278688524590164,0.0,-0.07352941176470588,-0.14864864864864866,-0.35051546391752575,0.3404255319148936,-0.5298507462686567,-0.36759686809877534,13500.0,4500.0,-0.5333333333333333,0.4,356067.0,407890.1,369441.55,2282477035.0,2916460000.0,-0.04019110655845936,-0.03981664433071683,-0.1747880142085334,-3.046618502321092,-0.11281228513300214,-3.3896766513423584,-39726928627.0,-59657964384.0,-2.4534130058167753,-2.4496707685998684,,-0.23923469189432492,-0.19430183270450693,-0.34579444678069304,-2.6409532170460674,-2.8647703696534865,-2.359266473947016,,-2.938017611833888,-0.046191713690291424,-0.039424197190080196,-0.039424197190080196,0.0,0.9921542948109465,0.007907747041047165,0.22532715022125613,0.0,0.915642039672643,0.8695883722225094,,771387075274.0,771387075274.0,777487009136.0,-381.439339313253,-381.439339313253,9293.820184024096,114.00172885218736,12.864397761727732,695403006152.0,-0.07618332946731149,0.006232221510591729,0.07921726261425108,-13799135348.0,1.0,0.0,0.0,0.0,0.0,0.006364581905552823,0.0,0.20508944480982827,0.7509235892184766,83000000.0,83000000.0,1.445687869715724,0.0,0.0,0.0,0.08333333333333333,0.0
PSI,11.136590337772988,0.6611364622125545,1.0409845543180842,496682790000.0,0.05063291139240506,0.012195121951219513,0.012195121951219513,0.0375,-0.04597701149425287,0.45614035087719296,0.31746031746031744,-0.056818181818181816,10200.0,5200.0,-0.18627450980392157,0.5961538461538461,164293.4,215676.4,344233.25,2785515385.0,2832678750.0,0.06119229975730757,0.014588160526793122,0.09347426121864985,0.058075239138434744,0.49111198529839845,0.5306964651740546,55449853708.0,-6472315928.0,0.7216926617749079,0.7216926617749079,0.7051961945476044,0.3888713557546404,0.3982419136174344,0.2677252982301957,0.3354581342441732,0.6637448578517937,0.7216926617749079,0.7051961945476044,0.6715477361846987,0.20948879048286256,0.06161061814337009,0.06161061814337009,2.346548238340567,0.23902376858527624,3.183684350383887,1.8559372578113202,1.0648832220863613,0.6394536966795701,1.4714460979721613,0.12535607654043135,751256084618.0,751256084618.0,3143018324347.0,745.2909506645076,745.2909506645076,12554.140445110652,1.299452742090388,0.10585964422007511,3107851441264.0,-0.5190925024069583,-0.8334736049768955,4.917366464900228,-247673523391.0,0.0,0.0,0.0,0.0,0.0,0.021160135224335033,0.0,7.519890109339202e-06,0.4882610504785157,59841300.0,59841300.0,1.4583650406525215,0.0,0.0,0.0,0.0,0.0
WSS,7.057553060811679,0.6084715157174574,4.101078642155616,321920000000.0,0.04918032786885246,0.015873015873015872,-0.015384615384615385,-0.030303030303030304,-0.15789473684210525,0.5609756097560976,0.14285714285714285,-0.2727272727272727,9100.0,3700.0,-0.2967032967032967,0.7297297297297297,11614.4,9327.5,13608.55,83135215.0,90058750.0,0.09002458485555881,0.08909748561564652,0.5810907274544751,0.22792358951480365,0.6512299722435115,0.2864992984551488,45613542998.0,34523589077.0,-20.085801299349917,-28.397649155883947,2.7173076906255167,2.824446905344002,5.139014473377341,1.1536358930949295,-4.150439058989872,-15.043060392268456,-20.085801299349917,2.7173076906255167,-20.085801299349917,0.09654708676994354,0.09435010419124226,0.09435010419124226,0.0,0.9884588675100492,0.011675885430643356,0.0015579632153918405,0.6634365743564474,0.22286559291377014,0.8610684717652053,,529063385359.0,529063385359.0,535240668832.0,906.8298806759443,901.4450133001988,10518.158754652088,84.29982814356754,0.8992483934531589,520743935168.0,-0.992734425821533,-1.0255724496263037,-3.0899299170692656,-80503767860.0,1.0,0.0,0.0,0.0,0.0,0.021092176373818553,0.0,0.5811926906311796,0.39816341719035936,50300000.0,50300000.0,1.139842352394641,0.0,0.0,0.0,0.0,0.0
VIG,534.1260485931712,0.6193590978078783,5.737248378416925,221153170000.0,0.0425531914893617,0.020833333333333332,-0.057692307692307696,-0.14035087719298245,-0.3,-0.1694915254237288,-0.18333333333333332,-0.33783783783783783,8100.0,4500.0,-0.3950617283950617,0.08888888888888889,80732.8,85254.3,90004.25,423049535.0,517967916.6666667,0.0007430923091197303,0.0007177410016394757,0.006777672134211259,0.17357962734294966,0.31625396843177184,0.5161422714954258,602899588.0,-6931071845.0,-0.9874353759582079,-1.0688422108169924,-1.2615988997232903,-0.10079626478830081,0.2863963730295157,-0.03253421709625548,-0.6458241097000501,-0.9342422676900095,-0.9800873603149567,-1.2615988997232903,-0.9759176317342951,-0.020031443401417937,0.0007322127810158127,0.0007322127810158127,0.0,0.9759046968039493,0.024690221570776223,0.0001797371953973354,0.3640765480097988,0.2578010559675353,0.6252011224318471,,357067766959.0,357067766959.0,365883849241.0,5.78859259127961,-32.55276445551289,7911.403929227422,24.531481400028067,0.02722187932501422,216271558522.0,-1.2654193224525687,-1.2924012724881129,-7.981954902033577,-49818069477.0,0.0,0.0,0.0,0.0,0.0,0.005143054019980812,0.1394114766702191,0.00011078294740247223,0.9036321297135375,45133300.0,45133300.0,1.2907629003752368,0.0,0.0,0.0,0.0,0.0
HVA,13.646316980185476,0.41913232533164774,0.7238908395385534,63813750000.0,-0.005319148936170213,-0.16517857142857142,-0.7114197530864198,-0.7565104166666666,-0.8122489959839357,-0.6944444444444444,0.5368178829717292,0.016304347826086956,30100.0,4675.0,-0.8446843853820598,0.0,53440.2,108529.8,78289.4,605866800.0,626682500.0,0.031105389612912815,0.02820008914057776,0.05304660888279575,0.04556972229145449,0.09304651848853833,0.11031811461777946,5851274174.0,5523972993.0,-0.36509242690104593,-0.36512554340446707,-0.7939240647732416,4.270919984746206,0.8188285980159525,1.8587383869640886,0.10136121735336973,-0.36719626307692815,-0.36509242690104593,-0.7939240647732416,-0.36551602652688303,0.1537834694584118,0.03168719090784323,0.03168719090784323,0.01215378412194017,0.8722015743618591,0.1465239566113417,,,,0.10099679343747416,,152252036274.0,152252036274.0,174560607031.0,342.58327772893773,342.58327772893773,11153.995331428572,7.7691179742931835,-0.8516042245798633,173317918049.0,0.015733491218218595,0.015733491218218595,-0.32717216639908603,1386967510.0,1.0,0.0,0.0,0.0,0.0,0.2429084249084249,0.0,0.22241472527472528,0.25222263736263734,13650000.0,13650000.0,0.3347982327673338,0.0,0.0,0.0,0.16666666666666666,0.0
